id,predictions
10084,"[2, 0.89, 0.424, 0.292, 0.358, 0.23, 9, 0.795, 0.397, 0.877, 0.155, 0.196, 6, 0.75, 0.45, 0.469, 0.294, 0.145, 8, 0.512, 0.295, 0.466, 0.084, 0.139, 3, 0.496, 0.428, 0.323, 0.136, 0.185, 3, 0.479, 0.411, 0.316, 0.199, 0.204]"
101304,"[9, 0.902, 0.494, 0.927, 0.16, 0.116, 2, 0.898, 0.485, 0.331, 0.459, 0.345, 8, 0.589, 0.688, 0.453, 0.115, 0.131, 0, 0.487, 0.413, 0.096, 0.13, 0.045, 5, 0.375, 0.499, 0.518, 0.401, 0.089]"
10226,"[3, 0.865, 0.483, 0.334, 0.218, 0.201, 4, 0.864, 0.489, 0.662, 0.298, 0.361, 2, 0.793, 0.455, 0.389, 0.395, 0.447, 9, 0.721, 0.489, 0.909, 0.126, 0.111, 8, 0.451, 0.33, 0.469, 0.272, 0.171, 8, 0.34, 0.323, 0.54, 0.262, 0.308, 5, 0.266, 0.5, 0.467, 0.163, 0.115]"
102284,"[3, 0.61, 0.621, 0.323, 0.399, 0.262, 8, 0.481, 0.481, 0.514, 0.281, 0.174]"
102581,"[5, 0.829, 0.394, 0.62, 0.295, 0.132, 9, 0.811, 0.385, 0.923, 0.178, 0.111, 2, 0.722, 0.422, 0.461, 0.389, 0.318]"
103060,"[9, 0.907, 0.414, 0.839, 0.156, 0.143, 7, 0.714, 0.465, 0.436, 0.227, 0.315, 3, 0.473, 0.478, 0.351, 0.241, 0.14]"
103368,"[7, 0.84, 0.567, 0.397, 0.327, 0.337, 8, 0.676, 0.501, 0.515, 0.229, 0.126]"
103789,"[7, 0.817, 0.605, 0.414, 0.426, 0.353, 2, 0.799, 0.571, 0.349, 0.447, 0.343, 8, 0.555, 0.489, 0.488, 0.225, 0.12, 9, 0.412, 0.506, 0.916, 0.131, 0.029]"
104193,"[3, 0.903, 0.487, 0.349, 0.324, 0.181, 6, 0.877, 0.469, 0.545, 0.291, 0.218, 8, 0.822, 0.633, 0.695, 0.174, 0.163]"
104221,"[3, 0.938, 0.566, 0.397, 0.373, 0.327, 4, 0.918, 0.545, 0.666, 0.406, 0.36, 9, 0.801, 0.541, 0.941, 0.389, 0.109]"
10466,"[1, 0.983, 0.512, 0.081, 0.238, 0.123, 9, 0.89, 0.459, 0.922, 0.138, 0.093, 6, 0.858, 0.489, 0.535, 0.432, 0.442, 3, 0.793, 0.49, 0.262, 0.315, 0.174, 8, 0.629, 0.301, 0.779, 0.18, 0.14, 8, 0.383, 0.294, 0.69, 0.2, 0.322]"
105059,"[6, 0.887, 0.626, 0.502, 0.281, 0.221, 3, 0.699, 0.622, 0.313, 0.323, 0.184, 9, 0.445, 0.678, 0.948, 0.233, 0.095, 9, 0.373, 0.679, 0.904, 0.227, 0.16]"
105559,"[9, 0.855, 0.33, 0.929, 0.422, 0.135, 6, 0.631, 0.419, 0.459, 0.34, 0.248, 7, 0.308, 0.421, 0.372, 0.34, 0.407, 3, 0.288, 0.412, 0.291, 0.245, 0.085]"
105606,"[8, 0.927, 0.828, 0.46, 0.195, 0.226, 9, 0.903, 0.598, 0.925, 0.242, 0.119, 2, 0.871, 0.596, 0.355, 0.44, 0.331, 6, 0.814, 0.627, 0.517, 0.341, 0.278]"
105653,"[6, 0.64, 0.536, 0.502, 0.314, 0.22, 9, 0.635, 0.497, 0.883, 0.253, 0.086, 7, 0.45, 0.534, 0.474, 0.316, 0.27]"
105683,"[7, 0.9, 0.543, 0.42, 0.377, 0.395, 9, 0.277, 0.503, 0.847, 0.151, 0.054]"
105861,"[4, 0.912, 0.493, 0.66, 0.249, 0.389, 9, 0.898, 0.495, 0.912, 0.151, 0.142, 2, 0.895, 0.496, 0.343, 0.346, 0.313, 3, 0.341, 0.51, 0.345, 0.125, 0.263, 3, 0.336, 0.499, 0.361, 0.184, 0.272, 1, 0.316, 0.492, 0.086, 0.15, 0.102]"
106225,"[6, 0.877, 0.334, 0.615, 0.269, 0.195, 3, 0.715, 0.324, 0.458, 0.275, 0.193, 9, 0.545, 0.421, 0.926, 0.223, 0.1, 8, 0.538, 0.197, 0.786, 0.089, 0.212, 8, 0.404, 0.22, 0.812, 0.161, 0.265]"
107473,"[4, 0.917, 0.603, 0.666, 0.25, 0.404, 3, 0.772, 0.607, 0.38, 0.347, 0.308, 2, 0.609, 0.606, 0.379, 0.343, 0.308, 9, 0.556, 0.608, 0.918, 0.082, 0.057]"
107616,"[7, 0.83, 0.688, 0.399, 0.365, 0.422, 9, 0.536, 0.721, 0.932, 0.171, 0.13, 9, 0.302, 0.717, 0.953, 0.169, 0.091]"
108105,"[3, 0.833, 0.476, 0.309, 0.244, 0.224, 9, 0.781, 0.484, 0.876, 0.213, 0.089, 8, 0.548, 0.318, 0.654, 0.132, 0.21, 5, 0.531, 0.465, 0.473, 0.309, 0.159, 6, 0.369, 0.466, 0.473, 0.309, 0.161]"
108416,"[7, 0.858, 0.467, 0.401, 0.313, 0.4, 9, 0.659, 0.484, 0.898, 0.238, 0.099]"
108640,"[8, 0.94, 0.369, 0.691, 0.2, 0.297, 3, 0.648, 0.484, 0.26, 0.225, 0.165, 6, 0.608, 0.511, 0.603, 0.359, 0.526, 9, 0.541, 0.495, 0.931, 0.094, 0.105]"
108854,"[5, 0.819, 0.533, 0.467, 0.342, 0.182, 3, 0.784, 0.543, 0.278, 0.462, 0.233, 9, 0.778, 0.533, 0.908, 0.212, 0.149]"
109454,"[9, 0.899, 0.533, 0.898, 0.194, 0.078, 7, 0.812, 0.559, 0.449, 0.34, 0.468, 8, 0.419, 0.401, 0.557, 0.123, 0.119, 3, 0.402, 0.556, 0.301, 0.26, 0.168]"
109496,"[7, 0.806, 0.716, 0.471, 0.421, 0.505, 8, 0.451, 0.517, 0.538, 0.057, 0.091, 9, 0.287, 0.662, 0.939, 0.189, 0.118]"
109746,"[2, 0.834, 0.516, 0.333, 0.384, 0.276, 6, 0.793, 0.554, 0.486, 0.256, 0.207, 3, 0.765, 0.533, 0.329, 0.161, 0.133, 9, 0.711, 0.525, 0.858, 0.205, 0.085, 8, 0.297, 0.704, 0.452, 0.161, 0.155, 8, 0.283, 0.682, 0.39, 0.21, 0.286]"
110249,"[8, 0.872, 0.594, 0.728, 0.276, 0.291, 6, 0.784, 0.504, 0.463, 0.291, 0.209, 3, 0.6, 0.53, 0.292, 0.309, 0.175, 3, 0.403, 0.49, 0.283, 0.15, 0.171, 9, 0.295, 0.448, 0.952, 0.14, 0.051]"
110461,"[6, 0.893, 0.719, 0.529, 0.307, 0.283, 9, 0.83, 0.655, 0.95, 0.211, 0.099, 3, 0.821, 0.649, 0.293, 0.292, 0.178]"
111964,"[9, 0.736, 0.515, 0.939, 0.109, 0.12, 8, 0.685, 0.366, 0.466, 0.185, 0.296, 3, 0.663, 0.51, 0.384, 0.321, 0.257, 2, 0.484, 0.509, 0.384, 0.321, 0.257, 5, 0.398, 0.537, 0.561, 0.285, 0.137, 6, 0.357, 0.536, 0.561, 0.285, 0.136]"
112448,"[9, 0.878, 0.372, 0.888, 0.33, 0.109, 3, 0.831, 0.507, 0.28, 0.405, 0.201, 8, 0.813, 0.278, 0.417, 0.14, 0.139, 6, 0.574, 0.436, 0.475, 0.284, 0.236]"
112680,"[9, 0.879, 0.631, 0.935, 0.211, 0.129, 7, 0.627, 0.664, 0.442, 0.365, 0.412, 6, 0.407, 0.705, 0.534, 0.289, 0.25]"
113077,"[4, 0.927, 0.585, 0.591, 0.295, 0.412, 3, 0.837, 0.57, 0.265, 0.345, 0.199, 9, 0.826, 0.6, 0.838, 0.236, 0.106]"
113476,"[6, 0.844, 0.459, 0.545, 0.376, 0.159, 3, 0.806, 0.455, 0.338, 0.273, 0.293, 9, 0.554, 0.397, 0.91, 0.251, 0.109]"
113922,"[3, 0.802, 0.5, 0.349, 0.412, 0.331, 9, 0.728, 0.527, 0.914, 0.205, 0.113, 5, 0.694, 0.514, 0.515, 0.296, 0.086]"
114150,"[6, 0.701, 0.448, 0.463, 0.27, 0.213, 9, 0.62, 0.512, 0.797, 0.214, 0.045, 7, 0.589, 0.45, 0.393, 0.278, 0.352, 8, 0.418, 0.275, 0.479, 0.088, 0.078, 3, 0.307, 0.455, 0.289, 0.239, 0.189]"
114166,"[5, 0.789, 0.505, 0.528, 0.354, 0.154, 9, 0.696, 0.501, 0.944, 0.222, 0.059, 3, 0.601, 0.508, 0.332, 0.291, 0.262, 2, 0.422, 0.466, 0.364, 0.459, 0.363, 2, 0.274, 0.56, 0.345, 0.601, 0.448]"
114635,"[8, 0.866, 0.39, 0.466, 0.221, 0.192, 4, 0.84, 0.561, 0.605, 0.344, 0.394, 3, 0.815, 0.6, 0.321, 0.286, 0.244]"
114887,"[7, 0.878, 0.493, 0.434, 0.342, 0.408, 9, 0.864, 0.502, 0.914, 0.226, 0.13, 8, 0.862, 0.385, 0.633, 0.193, 0.123, 3, 0.566, 0.498, 0.293, 0.32, 0.226, 1, 0.526, 0.543, 0.073, 0.222, 0.122]"
115471,"[7, 0.836, 0.61, 0.385, 0.262, 0.355, 9, 0.711, 0.562, 0.903, 0.214, 0.08]"
115477,"[3, 0.674, 0.443, 0.306, 0.355, 0.205, 6, 0.647, 0.48, 0.617, 0.405, 0.493, 9, 0.554, 0.449, 0.9, 0.128, 0.125]"
115659,"[9, 0.911, 0.419, 0.925, 0.149, 0.136, 6, 0.803, 0.45, 0.498, 0.279, 0.253, 3, 0.528, 0.471, 0.298, 0.342, 0.233, 1, 0.325, 0.416, 0.094, 0.517, 0.184, 3, 0.279, 0.492, 0.336, 0.385, 0.311, 8, 0.268, 0.19, 0.645, 0.361, 0.334]"
116495,"[6, 0.874, 0.681, 0.5, 0.306, 0.22, 3, 0.664, 0.696, 0.264, 0.382, 0.261]"
116947,"[6, 0.876, 0.254, 0.532, 0.334, 0.224, 3, 0.833, 0.276, 0.332, 0.404, 0.196, 8, 0.676, 0.114, 0.696, 0.162, 0.185, 9, 0.43, 0.276, 0.935, 0.118, 0.04, 8, 0.263, 0.126, 0.783, 0.252, 0.433]"
117111,"[3, 0.886, 0.632, 0.439, 0.294, 0.194, 6, 0.875, 0.622, 0.635, 0.274, 0.208, 9, 0.31, 0.635, 0.948, 0.114, 0.048]"
117336,"[3, 0.901, 0.239, 0.397, 0.405, 0.316, 6, 0.703, 0.225, 0.528, 0.293, 0.22, 1, 0.605, 0.28, 0.161, 0.161, 0.107, 9, 0.519, 0.273, 0.905, 0.136, 0.127]"
117375,"[9, 0.901, 0.474, 0.931, 0.292, 0.134, 2, 0.839, 0.541, 0.317, 0.457, 0.331, 5, 0.777, 0.555, 0.5, 0.353, 0.19, 3, 0.772, 0.548, 0.319, 0.177, 0.192]"
118582,"[3, 0.759, 0.47, 0.314, 0.282, 0.138, 6, 0.744, 0.521, 0.504, 0.349, 0.269]"
11881,"[4, 0.894, 0.504, 0.656, 0.313, 0.466, 9, 0.779, 0.508, 0.928, 0.156, 0.095, 3, 0.704, 0.454, 0.322, 0.49, 0.253, 8, 0.697, 0.719, 0.482, 0.167, 0.217, 0, 0.292, 0.431, 0.113, 0.121, 0.058]"
118849,"[3, 0.751, 0.475, 0.414, 0.145, 0.187, 6, 0.722, 0.53, 0.6, 0.479, 0.202, 9, 0.61, 0.447, 0.919, 0.19, 0.045]"
119093,"[5, 0.836, 0.486, 0.497, 0.274, 0.131, 3, 0.799, 0.489, 0.347, 0.274, 0.179, 9, 0.705, 0.476, 0.899, 0.168, 0.098]"
119534,"[9, 0.878, 0.531, 0.891, 0.156, 0.097, 2, 0.877, 0.492, 0.342, 0.373, 0.236, 1, 0.848, 0.474, 0.135, 0.205, 0.122, 4, 0.82, 0.51, 0.709, 0.219, 0.314, 6, 0.808, 0.482, 0.487, 0.323, 0.215]"
119650,"[6, 0.753, 0.528, 0.636, 0.382, 0.461, 3, 0.684, 0.514, 0.284, 0.307, 0.15, 8, 0.631, 0.343, 0.516, 0.079, 0.088, 9, 0.533, 0.501, 0.908, 0.148, 0.088]"
120690,"[2, 0.921, 0.461, 0.33, 0.441, 0.363, 3, 0.689, 0.431, 0.304, 0.084, 0.224, 8, 0.661, 0.292, 0.432, 0.087, 0.138, 9, 0.632, 0.54, 0.944, 0.268, 0.098, 5, 0.568, 0.485, 0.477, 0.296, 0.131]"
120789,"[2, 0.948, 0.514, 0.399, 0.457, 0.378, 4, 0.892, 0.44, 0.676, 0.217, 0.344, 9, 0.889, 0.421, 0.884, 0.17, 0.1, 3, 0.731, 0.474, 0.397, 0.084, 0.228]"
120874,"[8, 0.892, 0.638, 0.72, 0.317, 0.274, 3, 0.853, 0.465, 0.309, 0.394, 0.249, 0, 0.614, 0.528, 0.134, 0.128, 0.053, 9, 0.598, 0.467, 0.935, 0.21, 0.042, 5, 0.541, 0.482, 0.533, 0.325, 0.192, 6, 0.475, 0.483, 0.531, 0.325, 0.193]"
121133,"[9, 0.934, 0.536, 0.912, 0.174, 0.149, 6, 0.889, 0.54, 0.471, 0.442, 0.247, 3, 0.845, 0.505, 0.265, 0.254, 0.215]"
12170,"[4, 0.902, 0.524, 0.629, 0.399, 0.394, 3, 0.881, 0.516, 0.319, 0.413, 0.331, 9, 0.868, 0.422, 0.935, 0.372, 0.13, 1, 0.639, 0.525, 0.066, 0.19, 0.131]"
122270,"[6, 0.835, 0.467, 0.505, 0.308, 0.243, 9, 0.814, 0.391, 0.927, 0.3, 0.118, 3, 0.407, 0.502, 0.275, 0.343, 0.197]"
122869,"[8, 0.84, 0.442, 0.643, 0.154, 0.191, 2, 0.811, 0.608, 0.315, 0.305, 0.279, 9, 0.791, 0.555, 0.799, 0.196, 0.091, 5, 0.755, 0.57, 0.484, 0.264, 0.105, 3, 0.581, 0.59, 0.348, 0.193, 0.195]"
123769,"[4, 0.921, 0.449, 0.661, 0.314, 0.429, 9, 0.783, 0.453, 0.944, 0.318, 0.084, 8, 0.774, 0.617, 0.757, 0.133, 0.328, 3, 0.75, 0.442, 0.38, 0.224, 0.158, 8, 0.278, 0.685, 0.532, 0.158, 0.151]"
123850,"[7, 0.88, 0.459, 0.415, 0.356, 0.395, 9, 0.647, 0.464, 0.944, 0.119, 0.103]"
123917,"[6, 0.88, 0.562, 0.513, 0.293, 0.251, 3, 0.831, 0.544, 0.301, 0.371, 0.208, 9, 0.512, 0.571, 0.961, 0.146, 0.077]"
124149,"[3, 0.862, 0.426, 0.287, 0.219, 0.149, 5, 0.828, 0.471, 0.429, 0.242, 0.161, 9, 0.625, 0.458, 0.897, 0.229, 0.081, 9, 0.473, 0.458, 0.925, 0.226, 0.132]"
124184,"[2, 0.905, 0.462, 0.38, 0.416, 0.396, 9, 0.813, 0.451, 0.904, 0.14, 0.132, 7, 0.725, 0.491, 0.42, 0.209, 0.35]"
124296,"[4, 0.87, 0.508, 0.67, 0.209, 0.351, 2, 0.86, 0.521, 0.348, 0.296, 0.271, 3, 0.765, 0.559, 0.38, 0.162, 0.248, 9, 0.518, 0.519, 0.874, 0.192, 0.065]"
12459,"[9, 0.852, 0.501, 0.907, 0.14, 0.119, 2, 0.842, 0.493, 0.289, 0.351, 0.242, 6, 0.827, 0.492, 0.443, 0.244, 0.194]"
125095,"[2, 0.924, 0.405, 0.434, 0.302, 0.286, 5, 0.795, 0.399, 0.601, 0.239, 0.178, 9, 0.77, 0.39, 0.886, 0.111, 0.073, 3, 0.637, 0.397, 0.422, 0.084, 0.194]"
125748,"[1, 0.906, 0.533, 0.134, 0.324, 0.143, 8, 0.704, 0.318, 0.431, 0.291, 0.214, 9, 0.557, 0.404, 0.926, 0.207, 0.054, 8, 0.524, 0.345, 0.373, 0.35, 0.326, 2, 0.507, 0.509, 0.33, 0.344, 0.296, 3, 0.308, 0.516, 0.333, 0.117, 0.238, 8, 0.303, 0.448, 0.393, 0.345, 0.384]"
125865,"[4, 0.938, 0.553, 0.605, 0.454, 0.453, 3, 0.87, 0.577, 0.257, 0.263, 0.25, 1, 0.8, 0.638, 0.064, 0.277, 0.127, 9, 0.774, 0.55, 0.929, 0.505, 0.122, 1, 0.448, 0.612, 0.049, 0.24, 0.097]"
127410,"[1, 0.969, 0.459, 0.097, 0.251, 0.124, 8, 0.893, 0.298, 0.496, 0.264, 0.155, 2, 0.886, 0.411, 0.322, 0.374, 0.276, 4, 0.819, 0.439, 0.691, 0.25, 0.486, 8, 0.299, 0.335, 0.498, 0.18, 0.152]"
127469,"[3, 0.939, 0.482, 0.419, 0.347, 0.283, 4, 0.925, 0.455, 0.741, 0.264, 0.394, 9, 0.845, 0.417, 0.978, 0.143, 0.042, 8, 0.662, 0.305, 0.658, 0.072, 0.098]"
127704,"[2, 0.913, 0.52, 0.439, 0.316, 0.247, 5, 0.83, 0.542, 0.533, 0.229, 0.153, 9, 0.599, 0.514, 0.889, 0.164, 0.076, 3, 0.524, 0.535, 0.406, 0.096, 0.137]"
128343,"[2, 0.894, 0.611, 0.336, 0.387, 0.317, 4, 0.892, 0.621, 0.659, 0.301, 0.468, 8, 0.814, 0.45, 0.73, 0.238, 0.314, 9, 0.618, 0.583, 0.933, 0.199, 0.052, 3, 0.58, 0.613, 0.354, 0.109, 0.201]"
130027,"[3, 0.873, 0.558, 0.369, 0.305, 0.278, 5, 0.856, 0.528, 0.544, 0.301, 0.129, 9, 0.298, 0.532, 0.839, 0.167, 0.075]"
133008,"[2, 0.842, 0.492, 0.462, 0.433, 0.508, 9, 0.829, 0.486, 0.947, 0.187, 0.1, 3, 0.761, 0.48, 0.334, 0.21, 0.203, 5, 0.646, 0.489, 0.555, 0.217, 0.255]"
134101,"[2, 0.905, 0.494, 0.305, 0.378, 0.291, 6, 0.766, 0.501, 0.479, 0.338, 0.246, 9, 0.765, 0.476, 0.89, 0.117, 0.119, 8, 0.661, 0.308, 0.525, 0.078, 0.099, 7, 0.286, 0.5, 0.393, 0.347, 0.419]"
134423,"[7, 0.912, 0.479, 0.423, 0.347, 0.389, 9, 0.867, 0.504, 0.909, 0.179, 0.098, 2, 0.827, 0.481, 0.364, 0.369, 0.32, 0, 0.288, 0.465, 0.146, 0.122, 0.06]"
134447,"[8, 0.887, 0.352, 0.536, 0.124, 0.114, 1, 0.857, 0.383, 0.121, 0.246, 0.128, 6, 0.502, 0.365, 0.687, 0.356, 0.511]"
13469,"[2, 0.91, 0.544, 0.361, 0.332, 0.228, 3, 0.873, 0.564, 0.371, 0.132, 0.152, 5, 0.847, 0.535, 0.5, 0.276, 0.142, 9, 0.653, 0.496, 0.943, 0.217, 0.057]"
13527,"[6, 0.511, 0.535, 0.42, 0.352, 0.196, 9, 0.284, 0.543, 0.944, 0.129, 0.067, 3, 0.253, 0.543, 0.219, 0.253, 0.176]"
135831,"[3, 0.891, 0.525, 0.301, 0.452, 0.259, 5, 0.717, 0.506, 0.489, 0.299, 0.11, 9, 0.557, 0.383, 0.949, 0.244, 0.053]"
1361,"[2, 0.844, 0.533, 0.287, 0.426, 0.421, 1, 0.823, 0.493, 0.107, 0.254, 0.111, 6, 0.821, 0.508, 0.469, 0.292, 0.214, 3, 0.769, 0.5, 0.297, 0.175, 0.161, 9, 0.751, 0.462, 0.864, 0.151, 0.164]"
1372,"[2, 0.931, 0.491, 0.324, 0.415, 0.333, 5, 0.872, 0.499, 0.473, 0.298, 0.19, 0, 0.764, 0.497, 0.098, 0.135, 0.057, 9, 0.711, 0.439, 0.883, 0.14, 0.182, 3, 0.652, 0.491, 0.33, 0.159, 0.116, 3, 0.51, 0.49, 0.305, 0.165, 0.158]"
137635,"[4, 0.903, 0.562, 0.669, 0.314, 0.363, 3, 0.897, 0.546, 0.365, 0.387, 0.28, 8, 0.86, 0.443, 0.681, 0.159, 0.265, 9, 0.85, 0.641, 0.892, 0.14, 0.151]"
138009,"[9, 0.904, 0.389, 0.925, 0.361, 0.14, 8, 0.9, 0.581, 0.578, 0.287, 0.14, 7, 0.773, 0.438, 0.417, 0.468, 0.44, 6, 0.475, 0.439, 0.492, 0.46, 0.32]"
138251,"[5, 0.88, 0.508, 0.445, 0.299, 0.199, 3, 0.856, 0.495, 0.259, 0.241, 0.211, 9, 0.692, 0.523, 0.902, 0.127, 0.154, 9, 0.341, 0.496, 0.953, 0.079, 0.044]"
138420,"[8, 0.883, 0.328, 0.659, 0.205, 0.16, 9, 0.749, 0.49, 0.961, 0.127, 0.052, 7, 0.705, 0.469, 0.451, 0.253, 0.391, 2, 0.704, 0.483, 0.438, 0.406, 0.404]"
138546,"[8, 0.937, 0.296, 0.676, 0.153, 0.263, 9, 0.928, 0.459, 0.918, 0.127, 0.117, 6, 0.799, 0.459, 0.548, 0.31, 0.168, 3, 0.797, 0.467, 0.339, 0.354, 0.264]"
138615,"[7, 0.884, 0.308, 0.466, 0.365, 0.4, 9, 0.771, 0.324, 0.929, 0.21, 0.097, 0, 0.274, 0.312, 0.079, 0.152, 0.081]"
139163,"[3, 0.816, 0.455, 0.254, 0.417, 0.217, 4, 0.779, 0.549, 0.497, 0.385, 0.319, 9, 0.576, 0.483, 0.882, 0.114, 0.161, 9, 0.431, 0.485, 0.905, 0.111, 0.117, 6, 0.289, 0.549, 0.498, 0.385, 0.313]"
139559,"[4, 0.916, 0.522, 0.624, 0.271, 0.44, 2, 0.849, 0.472, 0.369, 0.466, 0.455, 9, 0.656, 0.516, 0.895, 0.17, 0.106, 3, 0.346, 0.524, 0.313, 0.242, 0.184]"
141859,"[8, 0.757, 0.341, 0.603, 0.076, 0.133, 9, 0.756, 0.492, 0.921, 0.148, 0.054, 7, 0.734, 0.526, 0.443, 0.326, 0.387, 3, 0.38, 0.52, 0.333, 0.26, 0.234]"
142573,"[9, 0.96, 0.343, 0.921, 0.241, 0.149, 6, 0.851, 0.367, 0.514, 0.359, 0.25, 2, 0.345, 0.385, 0.32, 0.314, 0.219]"
143151,"[6, 0.885, 0.347, 0.606, 0.38, 0.407, 3, 0.748, 0.374, 0.339, 0.227, 0.135, 2, 0.726, 0.373, 0.299, 0.455, 0.297]"
14439,"[9, 0.799, 0.714, 0.889, 0.146, 0.137, 5, 0.71, 0.673, 0.488, 0.329, 0.167, 3, 0.539, 0.712, 0.348, 0.453, 0.296, 2, 0.529, 0.713, 0.351, 0.463, 0.301, 8, 0.362, 0.552, 0.594, 0.104, 0.18]"
144807,"[8, 0.878, 0.265, 0.852, 0.35, 0.293, 6, 0.851, 0.464, 0.577, 0.368, 0.247, 9, 0.69, 0.567, 0.963, 0.288, 0.075, 2, 0.689, 0.498, 0.398, 0.372, 0.25, 9, 0.419, 0.553, 0.979, 0.282, 0.042]"
144883,"[5, 0.812, 0.528, 0.471, 0.305, 0.178, 3, 0.629, 0.506, 0.274, 0.288, 0.225, 9, 0.325, 0.549, 0.932, 0.165, 0.094]"
145595,"[8, 0.885, 0.327, 0.687, 0.152, 0.229, 7, 0.841, 0.491, 0.423, 0.297, 0.325, 9, 0.484, 0.532, 0.873, 0.181, 0.115, 9, 0.383, 0.53, 0.908, 0.177, 0.046]"
145324,"[4, 0.927, 0.477, 0.61, 0.316, 0.401, 3, 0.919, 0.437, 0.305, 0.335, 0.251, 9, 0.765, 0.501, 0.904, 0.198, 0.074, 9, 0.326, 0.495, 0.873, 0.207, 0.133]"
145121,"[4, 0.912, 0.497, 0.648, 0.316, 0.362, 9, 0.798, 0.43, 0.887, 0.21, 0.162, 2, 0.797, 0.47, 0.333, 0.653, 0.475, 3, 0.429, 0.515, 0.36, 0.208, 0.28]"
145714,"[8, 0.945, 0.607, 0.656, 0.263, 0.224, 3, 0.846, 0.479, 0.298, 0.396, 0.26, 6, 0.736, 0.457, 0.448, 0.297, 0.205, 9, 0.653, 0.494, 0.945, 0.159, 0.107]"
145970,"[4, 0.925, 0.555, 0.641, 0.308, 0.426, 8, 0.854, 0.439, 0.487, 0.249, 0.137, 2, 0.771, 0.531, 0.352, 0.367, 0.283, 3, 0.409, 0.534, 0.354, 0.38, 0.286]"
14606,"[9, 0.847, 0.445, 0.925, 0.268, 0.098, 7, 0.666, 0.444, 0.548, 0.287, 0.289, 3, 0.586, 0.434, 0.464, 0.154, 0.094, 8, 0.367, 0.349, 0.598, 0.093, 0.088]"
14613,"[6, 0.875, 0.51, 0.542, 0.343, 0.344, 9, 0.784, 0.617, 0.842, 0.294, 0.152, 3, 0.765, 0.55, 0.285, 0.366, 0.185]"
14624,"[9, 0.879, 0.498, 0.868, 0.144, 0.095, 3, 0.815, 0.485, 0.344, 0.365, 0.294, 5, 0.722, 0.501, 0.491, 0.264, 0.121, 8, 0.457, 0.393, 0.509, 0.096, 0.107]"
146679,"[6, 0.761, 0.481, 0.559, 0.45, 0.321, 3, 0.53, 0.494, 0.307, 0.285, 0.225, 9, 0.432, 0.518, 0.925, 0.271, 0.112]"
14672,"[9, 0.868, 0.547, 0.896, 0.264, 0.138, 3, 0.847, 0.483, 0.352, 0.415, 0.312, 6, 0.792, 0.533, 0.543, 0.503, 0.366, 1, 0.28, 0.522, 0.075, 0.145, 0.06]"
146731,"[4, 0.893, 0.465, 0.629, 0.25, 0.435, 9, 0.893, 0.547, 0.863, 0.228, 0.134, 3, 0.708, 0.442, 0.313, 0.319, 0.298]"
14690,"[4, 0.91, 0.481, 0.585, 0.23, 0.342, 9, 0.533, 0.49, 0.793, 0.079, 0.095, 2, 0.527, 0.493, 0.302, 0.364, 0.27, 3, 0.5, 0.494, 0.301, 0.36, 0.27]"
14698,"[8, 0.926, 0.365, 0.667, 0.206, 0.296, 5, 0.792, 0.518, 0.471, 0.292, 0.139, 3, 0.652, 0.574, 0.315, 0.461, 0.272, 0, 0.298, 0.55, 0.113, 0.124, 0.055]"
147154,"[3, 0.92, 0.428, 0.315, 0.411, 0.297, 4, 0.913, 0.452, 0.66, 0.316, 0.463, 0, 0.665, 0.478, 0.109, 0.111, 0.05, 9, 0.644, 0.477, 0.956, 0.145, 0.057, 8, 0.574, 0.288, 0.534, 0.066, 0.116]"
147486,"[6, 0.861, 0.403, 0.567, 0.31, 0.176, 9, 0.538, 0.391, 0.909, 0.13, 0.096, 3, 0.306, 0.381, 0.419, 0.279, 0.213]"
147906,"[6, 0.897, 0.449, 0.509, 0.304, 0.321, 9, 0.767, 0.493, 0.97, 0.19, 0.055, 3, 0.694, 0.471, 0.284, 0.256, 0.15]"
148300,"[8, 0.903, 0.637, 0.596, 0.253, 0.17, 4, 0.85, 0.515, 0.644, 0.239, 0.454, 3, 0.83, 0.537, 0.32, 0.341, 0.3, 9, 0.376, 0.555, 0.903, 0.129, 0.124]"
148920,"[1, 0.907, 0.506, 0.081, 0.25, 0.127, 2, 0.883, 0.505, 0.311, 0.651, 0.278, 6, 0.869, 0.504, 0.549, 0.382, 0.25, 9, 0.679, 0.503, 0.948, 0.249, 0.1]"
148936,"[9, 0.818, 0.413, 0.912, 0.154, 0.114, 3, 0.783, 0.452, 0.246, 0.361, 0.241, 6, 0.576, 0.435, 0.475, 0.332, 0.222, 5, 0.555, 0.438, 0.476, 0.331, 0.223]"
149228,"[3, 0.897, 0.487, 0.311, 0.306, 0.246, 6, 0.833, 0.498, 0.495, 0.324, 0.169, 9, 0.727, 0.454, 0.848, 0.134, 0.073]"
1495,"[9, 0.841, 0.44, 0.896, 0.168, 0.166, 5, 0.741, 0.482, 0.456, 0.292, 0.17, 3, 0.71, 0.489, 0.273, 0.29, 0.231]"
14969,"[3, 0.876, 0.472, 0.309, 0.355, 0.214, 4, 0.851, 0.465, 0.677, 0.279, 0.534, 9, 0.66, 0.508, 0.963, 0.145, 0.06]"
15030,"[2, 0.902, 0.522, 0.337, 0.348, 0.322, 9, 0.785, 0.51, 0.922, 0.218, 0.08, 6, 0.735, 0.474, 0.545, 0.514, 0.379, 1, 0.731, 0.514, 0.071, 0.178, 0.112, 3, 0.292, 0.528, 0.318, 0.055, 0.095, 0, 0.29, 0.498, 0.084, 0.143, 0.066]"
150850,"[3, 0.885, 0.422, 0.282, 0.405, 0.211, 6, 0.86, 0.468, 0.564, 0.312, 0.399, 9, 0.574, 0.483, 0.926, 0.152, 0.13, 8, 0.278, 0.621, 0.637, 0.095, 0.148]"
150857,"[9, 0.908, 0.455, 0.883, 0.306, 0.125, 6, 0.837, 0.458, 0.483, 0.33, 0.248, 8, 0.736, 0.749, 0.905, 0.295, 0.14, 3, 0.692, 0.507, 0.257, 0.459, 0.183]"
151212,"[8, 0.905, 0.648, 0.669, 0.199, 0.237, 2, 0.899, 0.478, 0.311, 0.463, 0.282, 9, 0.719, 0.492, 0.919, 0.192, 0.13, 3, 0.717, 0.436, 0.289, 0.103, 0.17, 6, 0.697, 0.475, 0.5, 0.369, 0.265]"
151449,"[7, 0.799, 0.811, 0.405, 0.363, 0.428, 2, 0.71, 0.795, 0.332, 0.399, 0.32, 8, 0.546, 0.434, 0.73, 0.462, 0.268, 9, 0.545, 0.806, 0.912, 0.128, 0.143]"
15222,"[1, 0.905, 0.474, 0.112, 0.312, 0.134, 4, 0.828, 0.527, 0.714, 0.301, 0.375, 2, 0.78, 0.508, 0.323, 0.378, 0.256, 9, 0.585, 0.531, 0.92, 0.169, 0.109, 6, 0.275, 0.528, 0.484, 0.357, 0.112]"
152410,"[3, 0.807, 0.544, 0.266, 0.376, 0.222, 6, 0.755, 0.504, 0.464, 0.315, 0.235, 8, 0.558, 0.658, 0.5, 0.1, 0.142, 9, 0.251, 0.493, 0.923, 0.158, 0.06]"
152726,"[4, 0.912, 0.257, 0.721, 0.233, 0.315, 3, 0.883, 0.262, 0.456, 0.296, 0.222, 9, 0.475, 0.262, 0.942, 0.15, 0.037, 8, 0.391, 0.403, 0.491, 0.191, 0.253, 8, 0.283, 0.407, 0.519, 0.166, 0.185, 8, 0.253, 0.457, 0.618, 0.106, 0.075]"
153169,"[9, 0.681, 0.463, 0.911, 0.189, 0.168, 7, 0.567, 0.458, 0.439, 0.485, 0.493, 2, 0.463, 0.487, 0.28, 0.602, 0.25, 6, 0.459, 0.456, 0.519, 0.471, 0.318, 9, 0.344, 0.458, 0.966, 0.189, 0.06]"
1534,"[7, 0.785, 0.46, 0.389, 0.37, 0.387, 9, 0.638, 0.466, 0.91, 0.189, 0.064, 8, 0.36, 0.324, 0.422, 0.078, 0.093]"
153638,"[8, 0.937, 0.672, 0.688, 0.3, 0.238, 3, 0.871, 0.509, 0.354, 0.403, 0.286, 4, 0.841, 0.495, 0.675, 0.308, 0.449, 9, 0.569, 0.465, 0.946, 0.163, 0.068]"
154943,"[6, 0.836, 0.627, 0.418, 0.452, 0.241, 9, 0.754, 0.634, 0.878, 0.155, 0.17, 3, 0.34, 0.635, 0.255, 0.338, 0.22]"
155469,"[9, 0.887, 0.489, 0.896, 0.141, 0.09, 3, 0.886, 0.51, 0.294, 0.364, 0.219, 6, 0.857, 0.499, 0.503, 0.339, 0.225]"
15799,"[4, 0.923, 0.443, 0.643, 0.23, 0.348, 3, 0.706, 0.495, 0.406, 0.316, 0.208, 9, 0.554, 0.49, 0.82, 0.185, 0.118, 3, 0.351, 0.459, 0.42, 0.185, 0.129]"
15806,"[6, 0.907, 0.552, 0.533, 0.471, 0.326, 9, 0.776, 0.494, 0.887, 0.131, 0.099]"
158318,"[8, 0.937, 0.369, 0.698, 0.352, 0.214, 3, 0.93, 0.467, 0.362, 0.279, 0.288, 9, 0.852, 0.515, 0.941, 0.331, 0.108, 6, 0.764, 0.468, 0.558, 0.331, 0.125, 8, 0.699, 0.466, 0.557, 0.332, 0.128, 4, 0.417, 0.529, 0.746, 0.289, 0.302]"
16047,"[6, 0.881, 0.525, 0.529, 0.296, 0.238, 3, 0.719, 0.524, 0.348, 0.166, 0.147, 2, 0.698, 0.524, 0.363, 0.36, 0.2, 8, 0.681, 0.425, 0.526, 0.115, 0.131]"
161007,"[4, 0.91, 0.535, 0.659, 0.26, 0.39, 9, 0.592, 0.518, 0.91, 0.118, 0.072, 2, 0.553, 0.541, 0.358, 0.391, 0.249, 8, 0.333, 0.695, 0.482, 0.168, 0.197, 3, 0.314, 0.539, 0.359, 0.387, 0.249]"
16117,"[2, 0.93, 0.526, 0.359, 0.407, 0.354, 3, 0.875, 0.527, 0.344, 0.183, 0.211, 5, 0.768, 0.548, 0.492, 0.288, 0.105, 9, 0.511, 0.551, 0.933, 0.108, 0.093, 0, 0.419, 0.576, 0.133, 0.103, 0.041, 9, 0.384, 0.552, 0.919, 0.104, 0.063]"
161254,"[7, 0.795, 0.464, 0.43, 0.337, 0.471, 8, 0.759, 0.646, 0.569, 0.151, 0.135, 9, 0.629, 0.465, 0.913, 0.165, 0.125, 3, 0.372, 0.488, 0.268, 0.239, 0.172, 6, 0.255, 0.462, 0.514, 0.334, 0.301]"
161787,"[9, 0.885, 0.525, 0.934, 0.289, 0.113, 7, 0.868, 0.55, 0.434, 0.265, 0.347, 2, 0.854, 0.557, 0.319, 0.315, 0.263]"
161917,"[7, 0.846, 0.576, 0.392, 0.472, 0.391, 9, 0.451, 0.47, 0.924, 0.099, 0.076, 8, 0.443, 0.193, 0.591, 0.157, 0.161]"
162015,"[3, 0.69, 0.513, 0.387, 0.364, 0.295, 5, 0.663, 0.501, 0.535, 0.231, 0.101, 9, 0.475, 0.538, 0.925, 0.161, 0.084, 6, 0.454, 0.501, 0.539, 0.234, 0.103]"
16325,"[8, 0.935, 0.328, 0.462, 0.273, 0.169, 4, 0.868, 0.432, 0.684, 0.281, 0.446, 9, 0.783, 0.412, 0.937, 0.158, 0.091, 3, 0.679, 0.432, 0.358, 0.382, 0.329, 2, 0.556, 0.433, 0.352, 0.387, 0.345]"
163316,"[7, 0.886, 0.544, 0.415, 0.368, 0.408, 9, 0.532, 0.503, 0.889, 0.098, 0.085]"
164607,"[1, 0.897, 0.701, 0.095, 0.301, 0.129, 7, 0.834, 0.732, 0.412, 0.438, 0.404, 8, 0.755, 0.505, 0.456, 0.183, 0.31, 1, 0.498, 0.72, 0.112, 0.34, 0.163, 9, 0.295, 0.61, 0.933, 0.194, 0.069]"
165177,"[9, 0.937, 0.58, 0.879, 0.283, 0.178, 8, 0.917, 0.651, 0.593, 0.219, 0.132, 2, 0.871, 0.535, 0.364, 0.301, 0.321, 5, 0.709, 0.496, 0.506, 0.173, 0.117, 5, 0.28, 0.54, 0.504, 0.263, 0.12]"
165390,"[2, 0.882, 0.543, 0.309, 0.602, 0.333, 7, 0.433, 0.451, 0.378, 0.318, 0.334, 6, 0.364, 0.453, 0.486, 0.278, 0.116, 8, 0.329, 0.682, 0.531, 0.284, 0.21, 3, 0.31, 0.465, 0.38, 0.318, 0.329, 9, 0.269, 0.484, 0.944, 0.192, 0.085]"
166107,"[7, 0.891, 0.666, 0.356, 0.255, 0.291, 9, 0.747, 0.676, 0.799, 0.25, 0.051, 9, 0.429, 0.677, 0.791, 0.244, 0.041]"
166717,"[2, 0.9, 0.512, 0.379, 0.374, 0.331, 9, 0.821, 0.527, 0.913, 0.169, 0.141, 3, 0.778, 0.478, 0.37, 0.142, 0.232, 5, 0.673, 0.512, 0.528, 0.257, 0.07]"
167223,"[3, 0.907, 0.589, 0.292, 0.417, 0.25, 9, 0.799, 0.51, 0.923, 0.121, 0.145, 5, 0.76, 0.545, 0.487, 0.365, 0.174]"
167263,"[6, 0.913, 0.518, 0.494, 0.372, 0.321, 3, 0.768, 0.45, 0.267, 0.277, 0.19, 1, 0.625, 0.536, 0.066, 0.502, 0.11, 9, 0.501, 0.461, 0.901, 0.243, 0.102, 9, 0.405, 0.458, 0.918, 0.232, 0.064]"
167653,"[8, 0.93, 0.351, 0.632, 0.182, 0.321, 2, 0.924, 0.562, 0.29, 0.406, 0.26, 9, 0.797, 0.51, 0.848, 0.209, 0.097, 7, 0.761, 0.532, 0.466, 0.348, 0.337, 9, 0.608, 0.509, 0.87, 0.195, 0.051, 6, 0.542, 0.529, 0.471, 0.354, 0.343]"
167701,"[9, 0.859, 0.504, 0.935, 0.142, 0.085, 5, 0.851, 0.493, 0.503, 0.339, 0.166, 2, 0.789, 0.493, 0.337, 0.404, 0.253, 1, 0.703, 0.506, 0.076, 0.168, 0.106, 3, 0.575, 0.502, 0.334, 0.173, 0.176]"
167717,"[4, 0.889, 0.453, 0.634, 0.281, 0.436, 3, 0.861, 0.449, 0.326, 0.264, 0.24, 9, 0.815, 0.526, 0.876, 0.181, 0.106]"
167720,"[7, 0.908, 0.443, 0.426, 0.382, 0.385, 3, 0.395, 0.48, 0.359, 0.35, 0.254, 9, 0.355, 0.478, 0.909, 0.134, 0.129]"
168245,"[3, 0.885, 0.513, 0.294, 0.24, 0.192, 6, 0.853, 0.502, 0.487, 0.386, 0.223, 9, 0.722, 0.423, 0.864, 0.344, 0.113]"
168402,"[4, 0.902, 0.478, 0.688, 0.305, 0.514, 2, 0.858, 0.487, 0.309, 0.376, 0.292, 9, 0.724, 0.471, 0.974, 0.244, 0.052]"
168749,"[9, 0.934, 0.499, 0.838, 0.195, 0.203, 3, 0.899, 0.536, 0.325, 0.39, 0.263, 5, 0.766, 0.513, 0.487, 0.293, 0.126, 8, 0.385, 0.339, 0.587, 0.157, 0.181, 0, 0.352, 0.532, 0.112, 0.117, 0.038, 8, 0.251, 0.34, 0.473, 0.182, 0.412]"
168950,"[7, 0.879, 0.49, 0.412, 0.348, 0.425, 9, 0.769, 0.536, 0.836, 0.47, 0.23, 9, 0.517, 0.535, 0.8, 0.465, 0.152]"
169258,"[7, 0.876, 0.496, 0.456, 0.365, 0.457, 9, 0.502, 0.476, 0.917, 0.12, 0.063, 9, 0.34, 0.473, 0.874, 0.145, 0.147]"
169373,"[9, 0.879, 0.625, 0.886, 0.247, 0.114, 6, 0.868, 0.534, 0.491, 0.394, 0.261, 3, 0.861, 0.458, 0.278, 0.423, 0.213]"
169516,"[7, 0.918, 0.458, 0.462, 0.376, 0.381]"
169710,"[7, 0.881, 0.55, 0.428, 0.363, 0.458, 9, 0.552, 0.526, 0.917, 0.202, 0.147, 9, 0.272, 0.527, 0.962, 0.178, 0.076]"
16975,"[4, 0.93, 0.435, 0.656, 0.273, 0.383, 2, 0.839, 0.444, 0.331, 0.412, 0.322, 3, 0.817, 0.424, 0.359, 0.155, 0.239, 9, 0.715, 0.456, 0.916, 0.143, 0.038, 8, 0.435, 0.562, 0.522, 0.2, 0.148, 8, 0.333, 0.572, 0.419, 0.221, 0.359]"
169934,"[9, 0.676, 0.494, 0.886, 0.102, 0.108, 3, 0.661, 0.483, 0.291, 0.239, 0.159, 7, 0.544, 0.483, 0.4, 0.317, 0.387, 0, 0.461, 0.48, 0.173, 0.105, 0.035, 6, 0.426, 0.481, 0.486, 0.314, 0.218, 8, 0.278, 0.638, 0.661, 0.084, 0.119]"
169988,"[3, 0.859, 0.491, 0.287, 0.303, 0.247, 8, 0.836, 0.733, 0.554, 0.177, 0.116, 5, 0.815, 0.504, 0.478, 0.313, 0.162, 9, 0.66, 0.445, 0.896, 0.159, 0.121, 9, 0.292, 0.454, 0.927, 0.142, 0.056]"
170021,"[7, 0.676, 0.662, 0.419, 0.331, 0.337, 9, 0.258, 0.646, 0.857, 0.135, 0.071]"
170336,"[4, 0.899, 0.484, 0.67, 0.25, 0.431, 3, 0.832, 0.491, 0.366, 0.356, 0.314, 9, 0.748, 0.45, 0.929, 0.145, 0.047, 8, 0.657, 0.661, 0.81, 0.228, 0.229]"
170516,"[4, 0.899, 0.472, 0.68, 0.275, 0.474, 8, 0.877, 0.289, 0.646, 0.192, 0.271, 3, 0.767, 0.516, 0.394, 0.361, 0.329, 0, 0.327, 0.565, 0.164, 0.139, 0.062]"
171164,"[3, 0.923, 0.415, 0.404, 0.174, 0.211, 5, 0.812, 0.407, 0.558, 0.186, 0.101, 2, 0.763, 0.416, 0.482, 0.344, 0.446, 0, 0.369, 0.343, 0.189, 0.086, 0.041, 8, 0.364, 0.257, 0.594, 0.055, 0.153, 9, 0.309, 0.396, 0.845, 0.133, 0.098]"
171738,"[4, 0.842, 0.475, 0.676, 0.32, 0.57, 9, 0.711, 0.447, 0.963, 0.165, 0.054, 8, 0.631, 0.325, 0.468, 0.162, 0.181, 2, 0.626, 0.516, 0.32, 0.366, 0.222, 3, 0.402, 0.514, 0.32, 0.373, 0.22, 3, 0.325, 0.499, 0.3, 0.207, 0.152]"
172089,"[2, 0.934, 0.534, 0.332, 0.47, 0.264, 7, 0.902, 0.46, 0.501, 0.408, 0.496, 9, 0.418, 0.453, 0.973, 0.156, 0.049, 9, 0.284, 0.458, 0.965, 0.16, 0.047]"
172347,"[7, 0.792, 0.494, 0.357, 0.326, 0.386, 9, 0.467, 0.542, 0.84, 0.176, 0.062]"
172813,"[9, 0.863, 0.475, 0.906, 0.235, 0.124, 3, 0.846, 0.47, 0.34, 0.383, 0.261, 8, 0.814, 0.26, 0.7, 0.272, 0.162, 6, 0.806, 0.461, 0.543, 0.353, 0.171]"
173618,"[4, 0.84, 0.516, 0.646, 0.305, 0.537, 3, 0.682, 0.522, 0.246, 0.356, 0.285, 3, 0.495, 0.514, 0.292, 0.281, 0.196, 9, 0.486, 0.546, 0.937, 0.199, 0.077]"
17405,"[4, 0.884, 0.491, 0.619, 0.213, 0.301, 3, 0.829, 0.463, 0.379, 0.25, 0.215, 1, 0.778, 0.459, 0.178, 0.226, 0.085, 9, 0.707, 0.52, 0.838, 0.128, 0.053, 1, 0.611, 0.471, 0.165, 0.188, 0.061]"
174067,"[6, 0.865, 0.575, 0.518, 0.296, 0.285, 9, 0.806, 0.559, 0.898, 0.141, 0.128, 3, 0.767, 0.588, 0.298, 0.233, 0.166]"
174229,"[9, 0.792, 0.412, 0.886, 0.276, 0.11, 7, 0.751, 0.442, 0.411, 0.378, 0.369]"
174659,"[8, 0.857, 0.316, 0.714, 0.212, 0.235, 9, 0.831, 0.503, 0.914, 0.206, 0.143, 7, 0.795, 0.472, 0.429, 0.37, 0.42, 1, 0.75, 0.543, 0.09, 0.202, 0.118]"
174736,"[2, 0.931, 0.524, 0.472, 0.362, 0.374, 9, 0.772, 0.506, 0.92, 0.155, 0.105, 3, 0.534, 0.478, 0.506, 0.132, 0.282, 7, 0.471, 0.48, 0.507, 0.132, 0.284]"
175084,"[6, 0.903, 0.467, 0.446, 0.283, 0.234, 3, 0.852, 0.547, 0.259, 0.376, 0.199, 9, 0.842, 0.463, 0.924, 0.143, 0.123]"
175150,"[4, 0.853, 0.538, 0.654, 0.391, 0.579, 3, 0.849, 0.573, 0.264, 0.386, 0.196]"
175372,"[7, 0.681, 0.545, 0.405, 0.303, 0.366, 8, 0.415, 0.264, 0.768, 0.267, 0.208, 9, 0.41, 0.511, 0.872, 0.244, 0.207]"
175397,"[7, 0.839, 0.371, 0.564, 0.392, 0.487, 9, 0.781, 0.436, 0.875, 0.149, 0.12]"
175632,"[3, 0.923, 0.548, 0.307, 0.362, 0.273, 5, 0.816, 0.562, 0.482, 0.273, 0.101, 9, 0.56, 0.551, 0.883, 0.17, 0.085]"
175802,"[7, 0.901, 0.448, 0.404, 0.387, 0.436, 9, 0.567, 0.476, 0.966, 0.218, 0.067]"
175929,"[2, 0.847, 0.517, 0.387, 0.415, 0.281, 9, 0.795, 0.501, 0.934, 0.268, 0.057, 6, 0.646, 0.509, 0.512, 0.294, 0.172]"
176489,"[7, 0.887, 0.609, 0.317, 0.207, 0.273, 4, 0.712, 0.595, 0.575, 0.212, 0.255, 9, 0.638, 0.582, 0.697, 0.14, 0.046, 3, 0.456, 0.615, 0.242, 0.175, 0.116, 9, 0.389, 0.581, 0.755, 0.144, 0.159]"
176605,"[6, 0.839, 0.508, 0.557, 0.245, 0.123, 9, 0.797, 0.6, 0.889, 0.279, 0.096, 3, 0.717, 0.535, 0.369, 0.301, 0.279]"
176747,"[7, 0.858, 0.214, 0.452, 0.421, 0.499, 9, 0.856, 0.25, 0.925, 0.202, 0.092, 1, 0.814, 0.228, 0.055, 0.272, 0.111]"
176833,"[6, 0.832, 0.418, 0.535, 0.335, 0.264, 8, 0.645, 0.274, 0.464, 0.291, 0.194, 2, 0.588, 0.447, 0.378, 0.363, 0.33, 2, 0.437, 0.448, 0.326, 0.369, 0.226, 9, 0.436, 0.42, 0.924, 0.148, 0.153, 9, 0.391, 0.415, 0.946, 0.143, 0.109]"
177135,"[6, 0.828, 0.437, 0.568, 0.333, 0.313, 3, 0.8, 0.429, 0.316, 0.221, 0.216, 9, 0.417, 0.491, 0.927, 0.212, 0.091, 8, 0.291, 0.338, 0.466, 0.076, 0.102]"
178131,"[2, 0.884, 0.491, 0.387, 0.348, 0.319, 7, 0.845, 0.487, 0.433, 0.286, 0.373, 3, 0.667, 0.467, 0.362, 0.195, 0.252, 9, 0.653, 0.495, 0.881, 0.135, 0.099, 9, 0.325, 0.492, 0.894, 0.129, 0.072]"
178196,"[3, 0.903, 0.549, 0.354, 0.375, 0.315, 6, 0.595, 0.532, 0.566, 0.337, 0.129, 9, 0.367, 0.51, 0.923, 0.177, 0.05]"
178623,"[4, 0.915, 0.476, 0.605, 0.309, 0.474, 3, 0.907, 0.478, 0.271, 0.345, 0.219, 9, 0.838, 0.498, 0.913, 0.18, 0.093]"
178709,"[7, 0.77, 0.675, 0.369, 0.328, 0.315, 8, 0.655, 0.679, 0.589, 0.456, 0.241, 9, 0.601, 0.669, 0.945, 0.142, 0.061, 6, 0.563, 0.68, 0.598, 0.458, 0.231]"
179198,"[3, 0.917, 0.551, 0.496, 0.284, 0.237, 9, 0.837, 0.552, 0.902, 0.133, 0.128, 5, 0.71, 0.571, 0.63, 0.163, 0.065, 8, 0.529, 0.446, 0.56, 0.146, 0.237, 8, 0.43, 0.448, 0.623, 0.141, 0.106]"
179920,"[6, 0.871, 0.519, 0.483, 0.303, 0.312, 9, 0.758, 0.528, 0.913, 0.176, 0.134, 3, 0.596, 0.497, 0.252, 0.278, 0.172, 0, 0.294, 0.507, 0.117, 0.152, 0.058]"
180017,"[6, 0.868, 0.479, 0.496, 0.235, 0.136, 9, 0.769, 0.534, 0.81, 0.164, 0.145, 3, 0.726, 0.433, 0.336, 0.319, 0.197, 3, 0.46, 0.468, 0.353, 0.229, 0.161]"
180688,"[4, 0.906, 0.469, 0.658, 0.299, 0.512, 3, 0.867, 0.472, 0.302, 0.213, 0.212, 2, 0.858, 0.473, 0.309, 0.39, 0.293, 9, 0.385, 0.472, 0.955, 0.163, 0.058]"
180947,"[3, 0.881, 0.442, 0.265, 0.38, 0.238, 6, 0.866, 0.391, 0.464, 0.364, 0.227, 9, 0.327, 0.457, 0.916, 0.228, 0.087]"
181015,"[8, 0.887, 0.73, 0.614, 0.155, 0.151, 2, 0.863, 0.574, 0.378, 0.418, 0.356, 9, 0.779, 0.559, 0.919, 0.126, 0.125, 4, 0.733, 0.577, 0.671, 0.273, 0.436]"
181018,"[8, 0.962, 0.382, 0.697, 0.277, 0.289, 9, 0.905, 0.517, 0.867, 0.189, 0.128, 3, 0.875, 0.522, 0.338, 0.168, 0.137, 1, 0.838, 0.577, 0.168, 0.21, 0.116, 5, 0.824, 0.501, 0.469, 0.206, 0.143, 2, 0.695, 0.513, 0.439, 0.343, 0.442, 2, 0.619, 0.513, 0.369, 0.34, 0.301]"
181075,"[9, 0.91, 0.475, 0.876, 0.16, 0.172, 6, 0.86, 0.46, 0.493, 0.34, 0.223, 3, 0.845, 0.544, 0.312, 0.46, 0.222, 0, 0.59, 0.472, 0.112, 0.12, 0.056]"
181266,"[2, 0.807, 0.501, 0.35, 0.352, 0.266, 9, 0.713, 0.537, 0.911, 0.153, 0.124, 6, 0.577, 0.531, 0.554, 0.314, 0.14, 8, 0.489, 0.346, 0.619, 0.198, 0.141]"
18136,"[9, 0.823, 0.429, 0.907, 0.171, 0.083, 7, 0.81, 0.504, 0.397, 0.408, 0.394]"
181429,"[7, 0.91, 0.459, 0.427, 0.299, 0.416, 9, 0.808, 0.475, 0.885, 0.137, 0.053]"
181469,"[3, 0.915, 0.529, 0.313, 0.32, 0.198, 8, 0.881, 0.328, 0.681, 0.152, 0.278, 6, 0.486, 0.508, 0.674, 0.332, 0.519, 4, 0.463, 0.508, 0.677, 0.325, 0.537]"
181777,"[8, 0.958, 0.2, 0.698, 0.391, 0.316, 2, 0.88, 0.485, 0.357, 0.419, 0.288, 7, 0.784, 0.507, 0.482, 0.459, 0.438, 9, 0.741, 0.417, 0.932, 0.154, 0.117]"
182095,"[9, 0.916, 0.557, 0.853, 0.303, 0.14, 8, 0.851, 0.521, 0.469, 0.128, 0.084, 7, 0.823, 0.514, 0.384, 0.319, 0.362]"
182146,"[3, 0.902, 0.433, 0.393, 0.248, 0.152, 9, 0.894, 0.455, 0.886, 0.181, 0.108, 6, 0.856, 0.465, 0.546, 0.231, 0.182, 8, 0.776, 0.32, 0.473, 0.156, 0.311, 8, 0.513, 0.303, 0.572, 0.105, 0.103]"
182161,"[9, 0.899, 0.537, 0.873, 0.235, 0.183, 7, 0.776, 0.448, 0.458, 0.256, 0.355, 7, 0.597, 0.551, 0.458, 0.458, 0.367]"
182190,"[9, 0.897, 0.51, 0.896, 0.186, 0.121, 7, 0.883, 0.513, 0.375, 0.466, 0.446]"
182255,"[8, 0.869, 0.398, 0.524, 0.275, 0.155, 6, 0.776, 0.497, 0.535, 0.274, 0.188, 2, 0.751, 0.518, 0.33, 0.417, 0.281, 9, 0.61, 0.495, 0.89, 0.207, 0.148, 8, 0.41, 0.448, 0.524, 0.18, 0.153, 9, 0.279, 0.496, 0.923, 0.206, 0.078]"
182399,"[8, 0.912, 0.508, 0.08, 0.361, 0.16, 7, 0.89, 0.529, 0.494, 0.403, 0.391, 9, 0.572, 0.517, 0.943, 0.171, 0.045, 9, 0.57, 0.519, 0.92, 0.174, 0.09]"
182740,"[7, 0.878, 0.464, 0.369, 0.296, 0.388, 2, 0.798, 0.477, 0.307, 0.337, 0.32, 9, 0.608, 0.499, 0.877, 0.157, 0.119]"
182750,"[7, 0.823, 0.709, 0.413, 0.344, 0.344, 2, 0.748, 0.771, 0.348, 0.352, 0.261, 9, 0.636, 0.793, 0.877, 0.179, 0.108, 9, 0.434, 0.783, 0.898, 0.157, 0.063]"
182891,"[7, 0.448, 0.473, 0.528, 0.376, 0.609, 7, 0.415, 0.382, 0.639, 0.52, 0.536, 6, 0.313, 0.395, 0.664, 0.513, 0.448]"
182929,"[8, 0.921, 0.166, 0.648, 0.218, 0.203, 2, 0.87, 0.373, 0.324, 0.441, 0.298, 3, 0.772, 0.403, 0.312, 0.138, 0.146, 6, 0.584, 0.391, 0.635, 0.332, 0.495, 4, 0.569, 0.389, 0.627, 0.334, 0.499, 0, 0.476, 0.353, 0.127, 0.098, 0.031, 9, 0.388, 0.378, 0.898, 0.162, 0.071]"
183067,"[3, 0.873, 0.453, 0.39, 0.274, 0.177, 6, 0.814, 0.404, 0.616, 0.392, 0.288]"
183103,"[1, 0.909, 0.552, 0.099, 0.296, 0.13, 8, 0.799, 0.409, 0.48, 0.229, 0.44, 3, 0.799, 0.578, 0.318, 0.218, 0.167, 6, 0.713, 0.64, 0.506, 0.4, 0.23, 6, 0.648, 0.593, 0.536, 0.503, 0.293, 1, 0.626, 0.562, 0.066, 0.138, 0.064, 9, 0.376, 0.567, 0.927, 0.119, 0.108, 2, 0.26, 0.603, 0.339, 0.412, 0.3]"
183141,"[7, 0.895, 0.472, 0.499, 0.334, 0.447, 9, 0.468, 0.491, 0.869, 0.138, 0.103]"
183186,"[7, 0.87, 0.494, 0.441, 0.33, 0.468, 9, 0.81, 0.48, 0.908, 0.145, 0.073]"
183225,"[2, 0.905, 0.476, 0.319, 0.38, 0.328, 8, 0.873, 0.315, 0.676, 0.147, 0.249, 4, 0.855, 0.479, 0.682, 0.308, 0.54, 3, 0.854, 0.478, 0.327, 0.114, 0.18, 9, 0.269, 0.49, 0.956, 0.122, 0.061]"
183366,"[2, 0.915, 0.491, 0.386, 0.384, 0.296, 9, 0.915, 0.481, 0.889, 0.179, 0.114, 4, 0.877, 0.466, 0.667, 0.267, 0.348, 3, 0.423, 0.488, 0.389, 0.079, 0.206, 8, 0.34, 0.308, 0.678, 0.158, 0.3, 3, 0.314, 0.483, 0.365, 0.097, 0.222]"
183804,"[7, 0.859, 0.507, 0.497, 0.366, 0.46, 9, 0.835, 0.513, 0.886, 0.195, 0.087, 2, 0.834, 0.509, 0.382, 0.355, 0.343]"
184266,"[7, 0.912, 0.302, 0.517, 0.24, 0.256, 9, 0.296, 0.308, 0.929, 0.159, 0.063, 9, 0.285, 0.305, 0.903, 0.17, 0.116]"
184021,"[7, 0.891, 0.575, 0.408, 0.384, 0.363, 9, 0.741, 0.548, 0.867, 0.126, 0.107, 7, 0.64, 0.686, 0.41, 0.617, 0.362]"
184668,"[5, 0.844, 0.474, 0.467, 0.297, 0.158, 9, 0.708, 0.472, 0.902, 0.151, 0.108, 2, 0.566, 0.515, 0.314, 0.546, 0.26, 3, 0.531, 0.439, 0.313, 0.173, 0.183, 3, 0.511, 0.468, 0.316, 0.244, 0.177, 0, 0.377, 0.463, 0.11, 0.139, 0.078, 8, 0.364, 0.29, 0.499, 0.184, 0.415, 3, 0.359, 0.502, 0.307, 0.576, 0.241, 8, 0.302, 0.297, 0.623, 0.154, 0.159]"
184730,"[7, 0.904, 0.547, 0.418, 0.29, 0.363, 8, 0.743, 0.386, 0.697, 0.231, 0.207, 1, 0.734, 0.485, 0.092, 0.201, 0.089, 9, 0.493, 0.564, 0.891, 0.203, 0.121, 8, 0.484, 0.388, 0.656, 0.231, 0.202]"
184883,"[6, 0.829, 0.532, 0.507, 0.342, 0.333, 3, 0.754, 0.492, 0.285, 0.226, 0.168, 8, 0.729, 0.42, 0.509, 0.201, 0.159, 9, 0.498, 0.527, 0.951, 0.191, 0.07, 6, 0.462, 0.603, 0.509, 0.498, 0.339]"
185218,"[6, 0.825, 0.425, 0.537, 0.388, 0.326, 9, 0.7, 0.495, 0.943, 0.092, 0.093, 0, 0.425, 0.538, 0.123, 0.129, 0.063]"
18525,"[6, 0.912, 0.431, 0.532, 0.408, 0.371, 9, 0.899, 0.489, 0.906, 0.201, 0.145, 3, 0.84, 0.49, 0.274, 0.373, 0.183, 8, 0.411, 0.599, 0.494, 0.167, 0.122]"
185294,"[3, 0.852, 0.463, 0.329, 0.41, 0.274, 8, 0.819, 0.317, 0.429, 0.101, 0.108, 6, 0.557, 0.566, 0.639, 0.485, 0.593]"
185303,"[9, 0.771, 0.658, 0.9, 0.166, 0.107, 7, 0.711, 0.618, 0.422, 0.366, 0.405, 2, 0.64, 0.617, 0.404, 0.361, 0.454]"
185406,"[2, 0.951, 0.503, 0.369, 0.425, 0.407, 9, 0.67, 0.548, 0.948, 0.134, 0.06, 3, 0.508, 0.531, 0.376, 0.188, 0.305]"
185518,"[2, 0.897, 0.471, 0.374, 0.383, 0.385, 8, 0.831, 0.495, 0.656, 0.229, 0.144, 9, 0.782, 0.529, 0.894, 0.31, 0.14, 7, 0.753, 0.434, 0.47, 0.257, 0.413, 9, 0.578, 0.527, 0.916, 0.306, 0.093]"
185525,"[2, 0.89, 0.541, 0.367, 0.354, 0.226, 7, 0.834, 0.503, 0.515, 0.269, 0.394, 8, 0.768, 0.652, 0.528, 0.11, 0.117, 9, 0.547, 0.523, 0.844, 0.179, 0.11]"
185581,"[4, 0.886, 0.456, 0.623, 0.287, 0.459, 9, 0.821, 0.458, 0.906, 0.286, 0.114, 8, 0.616, 0.626, 0.476, 0.144, 0.106, 7, 0.508, 0.452, 0.389, 0.291, 0.37, 7, 0.432, 0.456, 0.515, 0.293, 0.601]"
185787,"[9, 0.917, 0.698, 0.853, 0.249, 0.13, 2, 0.622, 0.787, 0.345, 0.3, 0.265, 8, 0.554, 0.609, 0.521, 0.073, 0.079, 5, 0.422, 0.72, 0.474, 0.181, 0.151]"
185849,"[7, 0.856, 0.522, 0.387, 0.294, 0.4, 8, 0.847, 0.707, 0.53, 0.168, 0.104, 9, 0.762, 0.582, 0.884, 0.161, 0.111, 1, 0.735, 0.469, 0.104, 0.21, 0.107, 1, 0.517, 0.465, 0.088, 0.171, 0.075]"
185859,"[9, 0.903, 0.583, 0.881, 0.24, 0.115, 7, 0.655, 0.586, 0.39, 0.244, 0.327, 8, 0.318, 0.438, 0.473, 0.243, 0.411]"
186118,"[5, 0.711, 0.484, 0.486, 0.239, 0.134, 2, 0.66, 0.503, 0.405, 0.425, 0.403, 9, 0.579, 0.522, 0.9, 0.143, 0.151, 3, 0.351, 0.484, 0.363, 0.203, 0.209, 8, 0.283, 0.349, 0.554, 0.107, 0.087]"
186123,"[4, 0.905, 0.472, 0.652, 0.203, 0.349, 2, 0.895, 0.478, 0.398, 0.303, 0.265, 8, 0.89, 0.644, 0.537, 0.223, 0.236, 3, 0.667, 0.481, 0.414, 0.128, 0.143, 8, 0.404, 0.345, 0.831, 0.196, 0.089, 9, 0.397, 0.488, 0.848, 0.145, 0.119, 9, 0.361, 0.493, 0.879, 0.127, 0.057]"
186431,"[6, 0.859, 0.479, 0.524, 0.311, 0.216, 9, 0.851, 0.447, 0.914, 0.142, 0.143, 2, 0.806, 0.492, 0.379, 0.406, 0.28]"
18650,"[5, 0.787, 0.499, 0.513, 0.288, 0.13, 3, 0.699, 0.55, 0.335, 0.462, 0.246, 9, 0.462, 0.536, 0.848, 0.168, 0.128, 9, 0.419, 0.512, 0.875, 0.126, 0.073, 0, 0.291, 0.536, 0.132, 0.144, 0.07, 8, 0.288, 0.37, 0.396, 0.112, 0.342]"
186514,"[9, 0.94, 0.52, 0.885, 0.209, 0.144, 6, 0.922, 0.496, 0.48, 0.295, 0.278, 3, 0.726, 0.485, 0.261, 0.38, 0.172]"
186580,"[9, 0.917, 0.484, 0.889, 0.226, 0.165, 3, 0.574, 0.562, 0.36, 0.267, 0.295, 8, 0.549, 0.416, 0.486, 0.16, 0.355, 5, 0.516, 0.551, 0.496, 0.251, 0.069, 8, 0.276, 0.408, 0.587, 0.129, 0.148]"
18660,"[2, 0.905, 0.446, 0.33, 0.352, 0.267, 5, 0.825, 0.47, 0.477, 0.274, 0.178, 3, 0.798, 0.448, 0.286, 0.147, 0.168, 9, 0.755, 0.505, 0.905, 0.129, 0.094, 8, 0.356, 0.615, 0.544, 0.077, 0.168]"
187099,"[2, 0.852, 0.532, 0.366, 0.388, 0.298, 6, 0.846, 0.529, 0.534, 0.292, 0.162, 9, 0.791, 0.56, 0.914, 0.126, 0.128, 8, 0.616, 0.456, 0.497, 0.134, 0.094]"
187135,"[7, 0.802, 0.469, 0.437, 0.503, 0.42, 9, 0.275, 0.5, 0.897, 0.129, 0.054]"
187154,"[8, 0.904, 0.676, 0.679, 0.237, 0.39, 9, 0.777, 0.468, 0.898, 0.113, 0.176, 6, 0.73, 0.507, 0.64, 0.27, 0.102, 2, 0.484, 0.509, 0.408, 0.456, 0.43, 3, 0.372, 0.514, 0.403, 0.442, 0.416, 3, 0.258, 0.48, 0.223, 0.268, 0.176]"
187261,"[9, 0.882, 0.384, 0.89, 0.148, 0.124, 3, 0.816, 0.389, 0.334, 0.327, 0.276, 6, 0.606, 0.382, 0.502, 0.277, 0.162, 8, 0.602, 0.305, 0.441, 0.216, 0.131]"
187332,"[9, 0.853, 0.513, 0.888, 0.141, 0.11, 6, 0.802, 0.495, 0.507, 0.337, 0.225, 3, 0.702, 0.413, 0.323, 0.328, 0.184, 4, 0.276, 0.496, 0.719, 0.191, 0.265]"
187484,"[4, 0.907, 0.549, 0.64, 0.241, 0.433, 3, 0.835, 0.554, 0.34, 0.355, 0.227, 9, 0.572, 0.57, 0.907, 0.149, 0.073, 8, 0.538, 0.397, 0.607, 0.08, 0.157]"
187530,"[9, 0.909, 0.621, 0.864, 0.303, 0.143, 3, 0.761, 0.459, 0.3, 0.384, 0.21, 7, 0.607, 0.459, 0.413, 0.331, 0.424, 8, 0.423, 0.575, 0.396, 0.18, 0.152]"
187833,"[2, 0.914, 0.539, 0.455, 0.455, 0.511, 9, 0.868, 0.491, 0.871, 0.149, 0.199, 8, 0.696, 0.336, 0.659, 0.151, 0.211, 4, 0.457, 0.507, 0.715, 0.205, 0.206]"
1880,"[1, 0.914, 0.552, 0.102, 0.321, 0.135, 6, 0.796, 0.504, 0.497, 0.299, 0.153, 8, 0.677, 0.325, 0.568, 0.192, 0.093, 8, 0.456, 0.328, 0.446, 0.206, 0.342, 3, 0.426, 0.496, 0.359, 0.3, 0.219, 9, 0.321, 0.543, 0.938, 0.185, 0.079, 9, 0.299, 0.543, 0.95, 0.185, 0.055]"
188093,"[8, 0.895, 0.34, 0.616, 0.219, 0.195, 2, 0.895, 0.506, 0.431, 0.396, 0.51, 4, 0.817, 0.513, 0.714, 0.194, 0.31, 3, 0.6, 0.527, 0.425, 0.16, 0.301, 9, 0.369, 0.491, 0.899, 0.157, 0.085]"
188205,"[2, 0.879, 0.474, 0.379, 0.513, 0.2, 5, 0.827, 0.485, 0.51, 0.24, 0.156, 9, 0.559, 0.454, 0.886, 0.104, 0.074]"
188270,"[9, 0.919, 0.466, 0.841, 0.185, 0.113, 2, 0.838, 0.436, 0.32, 0.372, 0.264, 5, 0.753, 0.436, 0.424, 0.26, 0.127, 3, 0.534, 0.442, 0.285, 0.123, 0.17, 3, 0.258, 0.404, 0.278, 0.208, 0.183]"
188476,"[8, 0.911, 0.652, 0.488, 0.219, 0.286, 4, 0.874, 0.516, 0.671, 0.243, 0.362, 9, 0.838, 0.525, 0.905, 0.162, 0.108, 3, 0.546, 0.519, 0.347, 0.301, 0.329, 2, 0.355, 0.521, 0.347, 0.303, 0.331]"
188812,"[7, 0.776, 0.512, 0.462, 0.376, 0.399, 9, 0.685, 0.525, 0.883, 0.073, 0.077, 2, 0.323, 0.513, 0.459, 0.379, 0.401]"
188841,"[2, 0.911, 0.503, 0.407, 0.462, 0.38, 3, 0.819, 0.475, 0.317, 0.133, 0.17, 5, 0.774, 0.479, 0.494, 0.184, 0.18, 9, 0.769, 0.471, 0.925, 0.149, 0.059]"
18885,"[3, 0.901, 0.522, 0.283, 0.332, 0.188, 9, 0.791, 0.567, 0.906, 0.19, 0.122, 5, 0.761, 0.51, 0.449, 0.225, 0.14]"
188895,"[2, 0.843, 0.449, 0.451, 0.293, 0.197, 8, 0.822, 0.275, 0.707, 0.151, 0.186, 7, 0.805, 0.444, 0.514, 0.223, 0.239]"
188932,"[8, 0.947, 0.546, 0.724, 0.286, 0.153, 3, 0.839, 0.55, 0.343, 0.208, 0.129, 6, 0.834, 0.511, 0.569, 0.338, 0.343, 9, 0.748, 0.546, 0.888, 0.157, 0.056, 0, 0.325, 0.518, 0.222, 0.076, 0.025]"
188983,"[7, 0.92, 0.456, 0.398, 0.508, 0.445, 9, 0.823, 0.523, 0.956, 0.139, 0.046, 8, 0.788, 0.704, 0.611, 0.187, 0.184]"
189066,"[9, 0.729, 0.473, 0.877, 0.11, 0.139, 1, 0.686, 0.446, 0.114, 0.19, 0.077, 2, 0.653, 0.504, 0.422, 0.316, 0.317, 3, 0.471, 0.511, 0.431, 0.179, 0.291, 7, 0.402, 0.514, 0.425, 0.183, 0.319]"
189146,"[9, 0.951, 0.494, 0.872, 0.152, 0.097, 4, 0.913, 0.513, 0.665, 0.23, 0.339, 3, 0.713, 0.519, 0.413, 0.312, 0.22, 8, 0.614, 0.32, 0.625, 0.185, 0.119]"
189227,"[9, 0.785, 0.526, 0.912, 0.112, 0.148, 5, 0.754, 0.529, 0.457, 0.309, 0.141, 0, 0.604, 0.578, 0.134, 0.103, 0.043, 3, 0.324, 0.526, 0.282, 0.288, 0.238]"
189707,"[2, 0.915, 0.424, 0.382, 0.479, 0.351, 4, 0.843, 0.431, 0.679, 0.265, 0.438, 3, 0.567, 0.461, 0.385, 0.176, 0.191, 1, 0.523, 0.494, 0.092, 0.165, 0.086, 3, 0.427, 0.446, 0.382, 0.127, 0.203, 8, 0.253, 0.282, 0.461, 0.169, 0.274]"
190011,"[3, 0.891, 0.495, 0.308, 0.16, 0.204, 8, 0.851, 0.342, 0.508, 0.261, 0.161, 4, 0.822, 0.467, 0.657, 0.295, 0.533, 2, 0.741, 0.493, 0.377, 0.411, 0.437, 9, 0.371, 0.481, 0.966, 0.148, 0.056, 9, 0.294, 0.488, 0.948, 0.159, 0.096]"
190057,"[9, 0.821, 0.6, 0.887, 0.167, 0.118, 5, 0.739, 0.567, 0.496, 0.253, 0.103, 8, 0.708, 0.459, 0.619, 0.052, 0.081, 3, 0.656, 0.579, 0.352, 0.285, 0.246, 3, 0.467, 0.582, 0.359, 0.227, 0.212]"
190385,"[2, 0.828, 0.308, 0.39, 0.419, 0.356, 8, 0.741, 0.122, 0.462, 0.242, 0.201, 9, 0.74, 0.342, 0.833, 0.202, 0.107, 3, 0.527, 0.303, 0.34, 0.078, 0.228, 3, 0.325, 0.293, 0.326, 0.111, 0.237]"
190541,"[9, 0.813, 0.508, 0.927, 0.173, 0.141, 5, 0.69, 0.472, 0.489, 0.211, 0.081, 8, 0.663, 0.597, 0.51, 0.226, 0.116, 2, 0.52, 0.5, 0.346, 0.414, 0.371, 8, 0.509, 0.555, 0.511, 0.142, 0.12, 4, 0.437, 0.503, 0.715, 0.273, 0.317, 3, 0.419, 0.5, 0.33, 0.415, 0.338]"
190557,"[2, 0.865, 0.558, 0.394, 0.407, 0.372, 4, 0.846, 0.559, 0.697, 0.276, 0.326, 8, 0.824, 0.382, 0.664, 0.166, 0.216, 9, 0.497, 0.612, 0.94, 0.195, 0.039]"
190656,"[8, 0.909, 0.249, 0.492, 0.25, 0.303, 6, 0.829, 0.446, 0.492, 0.306, 0.197, 9, 0.775, 0.445, 0.925, 0.195, 0.118, 3, 0.681, 0.427, 0.324, 0.355, 0.304, 3, 0.333, 0.515, 0.323, 0.555, 0.304]"
190705,"[8, 0.823, 0.576, 0.548, 0.332, 0.26, 3, 0.766, 0.465, 0.346, 0.349, 0.258, 9, 0.561, 0.546, 0.904, 0.182, 0.114, 6, 0.504, 0.45, 0.534, 0.297, 0.29, 6, 0.257, 0.513, 0.537, 0.419, 0.283]"
190772,"[4, 0.891, 0.385, 0.629, 0.304, 0.425, 2, 0.812, 0.386, 0.325, 0.362, 0.306, 9, 0.712, 0.379, 0.867, 0.128, 0.113, 8, 0.699, 0.363, 0.478, 0.281, 0.119, 3, 0.622, 0.391, 0.336, 0.115, 0.219]"
190830,"[2, 0.915, 0.487, 0.42, 0.469, 0.43, 3, 0.891, 0.507, 0.318, 0.149, 0.176, 9, 0.714, 0.47, 0.88, 0.142, 0.116, 4, 0.673, 0.474, 0.741, 0.179, 0.216, 6, 0.641, 0.487, 0.532, 0.225, 0.261]"
191039,"[2, 0.899, 0.51, 0.449, 0.341, 0.331, 9, 0.817, 0.517, 0.839, 0.146, 0.089, 7, 0.687, 0.514, 0.478, 0.158, 0.234, 1, 0.457, 0.492, 0.174, 0.14, 0.076, 0, 0.293, 0.482, 0.22, 0.116, 0.04]"
191541,"[6, 0.85, 0.428, 0.454, 0.225, 0.184, 9, 0.738, 0.458, 0.836, 0.152, 0.099, 3, 0.666, 0.511, 0.315, 0.265, 0.186, 3, 0.526, 0.511, 0.376, 0.266, 0.309, 2, 0.429, 0.512, 0.382, 0.261, 0.313]"
191880,"[3, 0.884, 0.489, 0.336, 0.353, 0.243, 9, 0.816, 0.501, 0.858, 0.117, 0.093, 6, 0.753, 0.487, 0.484, 0.27, 0.232]"
192306,"[7, 0.889, 0.443, 0.392, 0.297, 0.393, 9, 0.659, 0.459, 0.893, 0.311, 0.106, 8, 0.606, 0.278, 0.652, 0.109, 0.132]"
192471,"[8, 0.868, 0.397, 0.557, 0.207, 0.145, 3, 0.808, 0.489, 0.306, 0.291, 0.167, 5, 0.663, 0.517, 0.492, 0.238, 0.215, 0, 0.255, 0.501, 0.127, 0.118, 0.049]"
192552,"[2, 0.803, 0.466, 0.356, 0.379, 0.263, 5, 0.761, 0.473, 0.513, 0.263, 0.12]"
192803,"[9, 0.904, 0.436, 0.81, 0.222, 0.223, 7, 0.881, 0.458, 0.439, 0.447, 0.511]"
192906,"[7, 0.908, 0.558, 0.446, 0.302, 0.347, 9, 0.866, 0.527, 0.868, 0.138, 0.113, 8, 0.677, 0.67, 0.701, 0.148, 0.202]"
1931,"[9, 0.927, 0.508, 0.901, 0.138, 0.106, 7, 0.922, 0.477, 0.426, 0.369, 0.422, 8, 0.614, 0.312, 0.524, 0.141, 0.148]"
193786,"[7, 0.859, 0.471, 0.398, 0.344, 0.4, 9, 0.824, 0.543, 0.848, 0.207, 0.154]"
193994,"[9, 0.881, 0.551, 0.922, 0.185, 0.137, 4, 0.848, 0.549, 0.626, 0.279, 0.481, 3, 0.826, 0.52, 0.307, 0.132, 0.188, 2, 0.774, 0.513, 0.33, 0.378, 0.293, 2, 0.299, 0.52, 0.389, 0.369, 0.392]"
194242,"[7, 0.758, 0.505, 0.453, 0.316, 0.395, 9, 0.601, 0.507, 0.938, 0.08, 0.088]"
194272,"[8, 0.899, 0.377, 0.46, 0.227, 0.149, 3, 0.836, 0.452, 0.293, 0.302, 0.206, 4, 0.803, 0.483, 0.657, 0.297, 0.569, 0, 0.337, 0.489, 0.113, 0.137, 0.064]"
194423,"[9, 0.892, 0.569, 0.888, 0.197, 0.116, 6, 0.882, 0.508, 0.491, 0.275, 0.255, 3, 0.806, 0.488, 0.303, 0.267, 0.167]"
19529,"[9, 0.905, 0.393, 0.881, 0.208, 0.127, 5, 0.621, 0.418, 0.469, 0.268, 0.169, 7, 0.28, 0.417, 0.397, 0.268, 0.309]"
19689,"[3, 0.892, 0.481, 0.325, 0.346, 0.202, 6, 0.869, 0.484, 0.506, 0.32, 0.204, 8, 0.656, 0.616, 0.487, 0.082, 0.103, 9, 0.587, 0.474, 0.887, 0.109, 0.145, 0, 0.286, 0.483, 0.158, 0.083, 0.041, 9, 0.27, 0.449, 0.923, 0.068, 0.071]"
20526,"[8, 0.74, 0.411, 0.556, 0.299, 0.184, 4, 0.648, 0.467, 0.717, 0.358, 0.512, 7, 0.484, 0.554, 0.513, 0.258, 0.48]"
20871,"[7, 0.894, 0.457, 0.361, 0.267, 0.358, 9, 0.777, 0.478, 0.868, 0.101, 0.148]"
20981,"[2, 0.883, 0.513, 0.339, 0.38, 0.296, 9, 0.856, 0.464, 0.897, 0.163, 0.092, 6, 0.801, 0.477, 0.528, 0.296, 0.123]"
21061,"[2, 0.81, 0.484, 0.366, 0.346, 0.31, 5, 0.803, 0.489, 0.533, 0.256, 0.127, 8, 0.704, 0.335, 0.65, 0.154, 0.219, 8, 0.335, 0.332, 0.687, 0.152, 0.142, 9, 0.318, 0.468, 0.92, 0.139, 0.062]"
2128,"[2, 0.913, 0.466, 0.381, 0.36, 0.315, 9, 0.748, 0.426, 0.875, 0.192, 0.109, 7, 0.722, 0.449, 0.463, 0.259, 0.207, 3, 0.406, 0.447, 0.336, 0.076, 0.07, 6, 0.26, 0.45, 0.466, 0.262, 0.208]"
21409,"[2, 0.933, 0.385, 0.31, 0.511, 0.343, 8, 0.86, 0.124, 0.588, 0.248, 0.284, 3, 0.857, 0.303, 0.26, 0.17, 0.177, 5, 0.726, 0.313, 0.43, 0.31, 0.173, 9, 0.718, 0.339, 0.833, 0.114, 0.137, 6, 0.471, 0.311, 0.43, 0.304, 0.173]"
21479,"[1, 0.91, 0.571, 0.056, 0.211, 0.101, 3, 0.731, 0.548, 0.353, 0.37, 0.369, 8, 0.435, 0.349, 0.427, 0.229, 0.207, 9, 0.429, 0.435, 0.934, 0.234, 0.127, 8, 0.42, 0.361, 0.392, 0.259, 0.278, 9, 0.402, 0.452, 0.892, 0.202, 0.055, 7, 0.328, 0.549, 0.355, 0.373, 0.364, 5, 0.31, 0.499, 0.534, 0.262, 0.062, 9, 0.292, 0.436, 0.954, 0.237, 0.089, 9, 0.28, 0.441, 0.901, 0.224, 0.064]"
2152,"[9, 0.874, 0.511, 0.712, 0.135, 0.09, 6, 0.823, 0.512, 0.414, 0.275, 0.148, 3, 0.718, 0.52, 0.274, 0.294, 0.119]"
22815,"[9, 0.663, 0.441, 0.923, 0.15, 0.11, 4, 0.62, 0.51, 0.64, 0.425, 0.531, 2, 0.52, 0.498, 0.307, 0.382, 0.261, 8, 0.271, 0.326, 0.416, 0.204, 0.411]"
23236,"[3, 0.771, 0.478, 0.28, 0.345, 0.248, 7, 0.288, 0.511, 0.619, 0.32, 0.53, 6, 0.285, 0.508, 0.501, 0.313, 0.292]"
2409,"[7, 0.721, 0.45, 0.494, 0.337, 0.34, 1, 0.653, 0.57, 0.264, 0.212, 0.103, 1, 0.594, 0.535, 0.243, 0.145, 0.05, 9, 0.469, 0.502, 0.914, 0.116, 0.08, 3, 0.438, 0.465, 0.398, 0.145, 0.12, 9, 0.365, 0.492, 0.923, 0.094, 0.064, 3, 0.256, 0.465, 0.415, 0.143, 0.084]"
2459,"[7, 0.801, 0.52, 0.422, 0.358, 0.391, 9, 0.8, 0.54, 0.94, 0.174, 0.093, 8, 0.575, 0.364, 0.632, 0.231, 0.174]"
25075,"[5, 0.708, 0.451, 0.492, 0.335, 0.192, 3, 0.637, 0.463, 0.284, 0.322, 0.186, 3, 0.616, 0.514, 0.295, 0.223, 0.157, 6, 0.393, 0.447, 0.489, 0.351, 0.199, 9, 0.273, 0.505, 0.925, 0.249, 0.114]"
25189,"[9, 0.879, 0.524, 0.931, 0.22, 0.137, 8, 0.878, 0.324, 0.728, 0.191, 0.286, 6, 0.844, 0.51, 0.548, 0.317, 0.176, 3, 0.674, 0.501, 0.433, 0.411, 0.299, 2, 0.389, 0.502, 0.43, 0.414, 0.328]"
27261,"[2, 0.914, 0.561, 0.311, 0.425, 0.352, 9, 0.825, 0.559, 0.896, 0.205, 0.151, 9, 0.585, 0.546, 0.873, 0.177, 0.109, 3, 0.493, 0.539, 0.321, 0.153, 0.18, 6, 0.49, 0.562, 0.574, 0.333, 0.337, 3, 0.429, 0.534, 0.324, 0.191, 0.216]"
27353,"[4, 0.914, 0.421, 0.658, 0.347, 0.451, 9, 0.849, 0.41, 0.915, 0.173, 0.125, 3, 0.829, 0.446, 0.315, 0.182, 0.238, 2, 0.828, 0.403, 0.314, 0.35, 0.312]"
2748,"[9, 0.617, 0.469, 0.924, 0.163, 0.113, 3, 0.611, 0.511, 0.283, 0.25, 0.168, 5, 0.611, 0.497, 0.469, 0.292, 0.165, 0, 0.259, 0.492, 0.1, 0.118, 0.057]"
27621,"[3, 0.812, 0.512, 0.356, 0.342, 0.199, 9, 0.731, 0.441, 0.896, 0.229, 0.129, 6, 0.674, 0.515, 0.535, 0.211, 0.2, 1, 0.65, 0.502, 0.157, 0.139, 0.067, 8, 0.65, 0.391, 0.515, 0.19, 0.176, 6, 0.554, 0.474, 0.534, 0.297, 0.203, 1, 0.273, 0.512, 0.152, 0.111, 0.056]"
27901,"[2, 0.573, 0.528, 0.33, 0.269, 0.22, 9, 0.522, 0.488, 0.941, 0.17, 0.035, 4, 0.46, 0.53, 0.666, 0.325, 0.58]"
28216,"[9, 0.862, 0.428, 0.931, 0.194, 0.122, 2, 0.826, 0.391, 0.346, 0.587, 0.229, 1, 0.725, 0.435, 0.131, 0.138, 0.064, 2, 0.717, 0.397, 0.44, 0.581, 0.416, 7, 0.499, 0.416, 0.444, 0.338, 0.392, 7, 0.374, 0.382, 0.432, 0.456, 0.419]"
28748,"[3, 0.915, 0.436, 0.312, 0.37, 0.29, 4, 0.874, 0.455, 0.666, 0.287, 0.476, 9, 0.441, 0.451, 0.955, 0.12, 0.069]"
29220,"[7, 0.888, 0.541, 0.365, 0.313, 0.426, 9, 0.68, 0.513, 0.933, 0.295, 0.122, 4, 0.477, 0.508, 0.714, 0.292, 0.314, 9, 0.376, 0.497, 0.965, 0.224, 0.058]"
2979,"[2, 0.897, 0.503, 0.41, 0.358, 0.401, 3, 0.845, 0.479, 0.316, 0.13, 0.158, 6, 0.685, 0.429, 0.491, 0.189, 0.235, 9, 0.336, 0.481, 0.893, 0.16, 0.121]"
29809,"[9, 0.833, 0.448, 0.907, 0.137, 0.184, 5, 0.812, 0.437, 0.476, 0.295, 0.129, 2, 0.681, 0.446, 0.317, 0.338, 0.219, 3, 0.598, 0.448, 0.318, 0.338, 0.224, 3, 0.315, 0.46, 0.257, 0.12, 0.136, 3, 0.302, 0.454, 0.272, 0.106, 0.106]"
30421,"[8, 0.88, 0.342, 0.699, 0.307, 0.36, 6, 0.803, 0.483, 0.503, 0.382, 0.342, 3, 0.754, 0.48, 0.293, 0.376, 0.325, 9, 0.674, 0.458, 0.928, 0.139, 0.076]"
3046,"[3, 0.9, 0.493, 0.319, 0.41, 0.292, 6, 0.838, 0.475, 0.487, 0.443, 0.23, 9, 0.779, 0.536, 0.898, 0.163, 0.123]"
30742,"[4, 0.92, 0.476, 0.647, 0.298, 0.473, 8, 0.838, 0.294, 0.739, 0.202, 0.398, 3, 0.819, 0.488, 0.342, 0.346, 0.312, 9, 0.792, 0.482, 0.926, 0.17, 0.097]"
3085,"[3, 0.899, 0.469, 0.354, 0.372, 0.177, 5, 0.851, 0.443, 0.519, 0.236, 0.18, 9, 0.682, 0.436, 0.908, 0.149, 0.07]"
31069,"[2, 0.845, 0.311, 0.364, 0.405, 0.278, 5, 0.758, 0.317, 0.519, 0.316, 0.145, 9, 0.666, 0.32, 0.903, 0.126, 0.159]"
31444,"[1, 0.881, 0.373, 0.111, 0.271, 0.1, 9, 0.847, 0.329, 0.907, 0.139, 0.079, 2, 0.833, 0.373, 0.316, 0.416, 0.196, 7, 0.804, 0.344, 0.407, 0.26, 0.301]"
31643,"[2, 0.922, 0.503, 0.324, 0.369, 0.28, 6, 0.794, 0.495, 0.625, 0.412, 0.478, 3, 0.736, 0.526, 0.319, 0.113, 0.157]"
31847,"[4, 0.883, 0.389, 0.624, 0.304, 0.489, 3, 0.807, 0.377, 0.289, 0.358, 0.222, 8, 0.644, 0.206, 0.472, 0.154, 0.198, 8, 0.405, 0.896, 0.814, 0.207, 0.37]"
31988,"[9, 0.884, 0.583, 0.917, 0.145, 0.064, 3, 0.858, 0.569, 0.347, 0.302, 0.189, 8, 0.849, 0.438, 0.676, 0.153, 0.204, 6, 0.729, 0.573, 0.509, 0.273, 0.164]"
32309,"[8, 0.815, 0.818, 0.529, 0.185, 0.157, 9, 0.739, 0.625, 0.893, 0.16, 0.144, 3, 0.735, 0.677, 0.304, 0.351, 0.227, 5, 0.607, 0.612, 0.487, 0.312, 0.204]"
32380,"[8, 0.95, 0.252, 0.75, 0.313, 0.325, 2, 0.91, 0.426, 0.377, 0.394, 0.338, 7, 0.889, 0.418, 0.425, 0.321, 0.332, 9, 0.512, 0.563, 0.93, 0.423, 0.044, 9, 0.378, 0.563, 0.913, 0.423, 0.067]"
32751,"[7, 0.904, 0.533, 0.44, 0.328, 0.395, 9, 0.503, 0.543, 0.85, 0.163, 0.157, 9, 0.311, 0.542, 0.872, 0.167, 0.096, 2, 0.307, 0.592, 0.321, 0.377, 0.229]"
33172,"[3, 0.802, 0.451, 0.303, 0.347, 0.225, 4, 0.76, 0.465, 0.64, 0.313, 0.452, 9, 0.651, 0.397, 0.929, 0.424, 0.051, 8, 0.495, 0.346, 0.702, 0.304, 0.305, 8, 0.45, 0.359, 0.636, 0.327, 0.447, 9, 0.366, 0.398, 0.948, 0.423, 0.093]"
33264,"[6, 0.84, 0.393, 0.488, 0.316, 0.186, 9, 0.771, 0.44, 0.867, 0.171, 0.079, 3, 0.624, 0.419, 0.3, 0.387, 0.249, 1, 0.291, 0.353, 0.097, 0.173, 0.101]"
33441,"[3, 0.905, 0.479, 0.331, 0.375, 0.305, 1, 0.891, 0.5, 0.081, 0.19, 0.078, 6, 0.829, 0.505, 0.473, 0.258, 0.183, 9, 0.785, 0.498, 0.934, 0.136, 0.073]"
33489,"[9, 0.813, 0.569, 0.912, 0.208, 0.13, 6, 0.797, 0.468, 0.503, 0.288, 0.171, 3, 0.794, 0.475, 0.34, 0.284, 0.209, 1, 0.712, 0.529, 0.083, 0.185, 0.072, 9, 0.376, 0.568, 0.948, 0.214, 0.053]"
3396,"[8, 0.886, 0.279, 0.519, 0.18, 0.303, 5, 0.84, 0.447, 0.523, 0.318, 0.188, 3, 0.83, 0.426, 0.355, 0.267, 0.179, 9, 0.379, 0.516, 0.948, 0.103, 0.104, 9, 0.354, 0.508, 0.935, 0.123, 0.131]"
34,"[1, 0.908, 0.318, 0.204, 0.233, 0.113, 6, 0.764, 0.373, 0.555, 0.363, 0.209, 8, 0.5, 0.187, 0.572, 0.096, 0.119, 3, 0.467, 0.327, 0.384, 0.162, 0.209, 8, 0.456, 0.373, 0.555, 0.367, 0.21, 9, 0.438, 0.313, 0.947, 0.366, 0.082, 3, 0.39, 0.362, 0.384, 0.242, 0.208, 1, 0.265, 0.307, 0.189, 0.211, 0.073]"
3405,"[3, 0.882, 0.579, 0.384, 0.376, 0.304, 9, 0.877, 0.63, 0.914, 0.192, 0.133, 5, 0.849, 0.596, 0.588, 0.275, 0.138, 8, 0.57, 0.433, 0.545, 0.097, 0.176]"
34066,"[9, 0.904, 0.323, 0.872, 0.181, 0.085, 6, 0.896, 0.426, 0.539, 0.426, 0.288, 8, 0.673, 0.261, 0.472, 0.176, 0.158, 3, 0.659, 0.445, 0.378, 0.353, 0.218, 1, 0.317, 0.497, 0.177, 0.145, 0.081, 3, 0.291, 0.456, 0.355, 0.169, 0.154]"
34074,"[8, 0.878, 0.67, 0.581, 0.145, 0.114, 7, 0.862, 0.505, 0.455, 0.344, 0.411, 9, 0.789, 0.508, 0.882, 0.253, 0.14]"
34281,"[9, 0.907, 0.565, 0.899, 0.219, 0.162, 4, 0.892, 0.473, 0.641, 0.252, 0.447, 2, 0.864, 0.506, 0.394, 0.477, 0.442]"
34984,"[8, 0.923, 0.267, 0.56, 0.309, 0.39, 7, 0.836, 0.473, 0.452, 0.325, 0.43, 9, 0.791, 0.466, 0.925, 0.226, 0.137]"
36114,"[9, 0.895, 0.486, 0.849, 0.15, 0.138, 6, 0.678, 0.424, 0.486, 0.209, 0.14, 3, 0.583, 0.475, 0.374, 0.291, 0.341, 2, 0.534, 0.478, 0.372, 0.295, 0.34]"
36436,"[4, 0.901, 0.439, 0.613, 0.304, 0.486, 3, 0.737, 0.438, 0.28, 0.259, 0.149, 8, 0.524, 0.294, 0.336, 0.126, 0.26, 9, 0.397, 0.483, 0.901, 0.117, 0.159, 8, 0.271, 0.286, 0.388, 0.104, 0.155]"
36808,"[7, 0.865, 0.658, 0.369, 0.255, 0.311, 9, 0.803, 0.719, 0.838, 0.148, 0.115, 1, 0.259, 0.68, 0.101, 0.132, 0.065]"
37001,"[9, 0.882, 0.503, 0.919, 0.283, 0.097, 8, 0.874, 0.29, 0.703, 0.144, 0.16, 5, 0.821, 0.469, 0.476, 0.276, 0.158, 3, 0.813, 0.54, 0.322, 0.366, 0.263]"
37584,"[9, 0.892, 0.552, 0.919, 0.178, 0.139, 5, 0.822, 0.525, 0.494, 0.266, 0.196, 2, 0.592, 0.562, 0.294, 0.442, 0.243, 9, 0.333, 0.545, 0.956, 0.168, 0.068]"
38056,"[2, 0.877, 0.494, 0.338, 0.441, 0.361, 9, 0.873, 0.5, 0.916, 0.202, 0.13, 4, 0.792, 0.456, 0.632, 0.277, 0.479, 7, 0.554, 0.454, 0.4, 0.276, 0.343]"
38144,"[9, 0.867, 0.545, 0.929, 0.419, 0.142, 5, 0.695, 0.591, 0.494, 0.314, 0.198, 7, 0.261, 0.585, 0.384, 0.364, 0.416]"
38150,"[2, 0.91, 0.442, 0.378, 0.52, 0.362, 5, 0.689, 0.824, 0.937, 0.262, 0.125, 9, 0.619, 0.44, 0.914, 0.158, 0.09, 5, 0.54, 0.454, 0.51, 0.31, 0.204, 3, 0.535, 0.446, 0.34, 0.169, 0.149, 3, 0.448, 0.464, 0.343, 0.123, 0.139, 6, 0.31, 0.451, 0.511, 0.312, 0.207, 8, 0.289, 0.35, 0.486, 0.119, 0.108]"
38634,"[9, 0.821, 0.608, 0.925, 0.171, 0.134, 5, 0.75, 0.58, 0.504, 0.287, 0.158, 3, 0.562, 0.604, 0.306, 0.414, 0.22]"
38652,"[4, 0.875, 0.577, 0.623, 0.263, 0.507, 3, 0.859, 0.548, 0.29, 0.325, 0.191, 8, 0.655, 0.457, 0.512, 0.106, 0.131, 9, 0.424, 0.589, 0.922, 0.122, 0.15]"
39385,"[3, 0.812, 0.483, 0.258, 0.311, 0.302, 8, 0.811, 0.363, 0.712, 0.189, 0.395, 5, 0.794, 0.475, 0.437, 0.259, 0.138, 9, 0.792, 0.505, 0.918, 0.165, 0.095]"
39606,"[9, 0.909, 0.466, 0.933, 0.242, 0.102, 2, 0.879, 0.523, 0.329, 0.411, 0.278, 6, 0.868, 0.505, 0.491, 0.287, 0.213, 3, 0.763, 0.481, 0.313, 0.13, 0.159, 8, 0.57, 0.674, 0.499, 0.195, 0.141, 4, 0.484, 0.501, 0.738, 0.252, 0.313]"
39620,"[9, 0.83, 0.478, 0.908, 0.27, 0.118, 5, 0.724, 0.508, 0.45, 0.29, 0.206, 8, 0.674, 0.345, 0.476, 0.126, 0.156, 3, 0.585, 0.514, 0.261, 0.202, 0.15, 1, 0.446, 0.538, 0.089, 0.213, 0.114, 0, 0.431, 0.523, 0.094, 0.19, 0.049, 0, 0.325, 0.519, 0.102, 0.163, 0.06, 0, 0.301, 0.558, 0.105, 0.17, 0.064, 8, 0.278, 0.376, 0.408, 0.201, 0.295, 8, 0.27, 0.359, 0.435, 0.159, 0.239, 0, 0.252, 0.57, 0.116, 0.148, 0.072]"
3980,"[9, 0.879, 0.568, 0.923, 0.164, 0.128, 3, 0.829, 0.392, 0.336, 0.373, 0.276, 5, 0.821, 0.431, 0.5, 0.313, 0.152, 8, 0.817, 0.276, 0.736, 0.152, 0.256, 1, 0.426, 0.39, 0.062, 0.193, 0.094, 1, 0.332, 0.383, 0.057, 0.173, 0.069, 8, 0.307, 0.607, 0.495, 0.099, 0.136]"
40023,"[1, 0.961, 0.541, 0.119, 0.214, 0.102, 4, 0.808, 0.536, 0.588, 0.304, 0.471, 9, 0.642, 0.527, 0.9, 0.099, 0.114, 7, 0.544, 0.527, 0.537, 0.331, 0.618, 3, 0.468, 0.499, 0.289, 0.064, 0.118, 2, 0.301, 0.52, 0.308, 0.323, 0.224]"
40139,"[6, 0.885, 0.536, 0.527, 0.272, 0.282, 9, 0.787, 0.538, 0.932, 0.13, 0.09, 3, 0.708, 0.483, 0.3, 0.39, 0.233, 8, 0.69, 0.384, 0.474, 0.148, 0.391, 8, 0.545, 0.372, 0.556, 0.125, 0.228, 8, 0.352, 0.389, 0.457, 0.182, 0.461]"
40398,"[3, 0.688, 0.495, 0.326, 0.417, 0.321, 5, 0.684, 0.495, 0.507, 0.226, 0.069, 8, 0.421, 0.63, 0.512, 0.178, 0.08, 2, 0.386, 0.494, 0.315, 0.421, 0.337, 9, 0.345, 0.554, 0.968, 0.163, 0.064]"
40471,"[3, 0.892, 0.482, 0.284, 0.37, 0.202, 8, 0.61, 0.697, 0.452, 0.232, 0.275, 8, 0.556, 0.642, 0.39, 0.166, 0.398, 8, 0.527, 0.694, 0.396, 0.246, 0.388, 6, 0.486, 0.525, 0.484, 0.275, 0.218, 5, 0.361, 0.528, 0.484, 0.283, 0.217, 9, 0.338, 0.539, 0.914, 0.133, 0.105, 9, 0.333, 0.544, 0.935, 0.122, 0.071]"
40949,"[7, 0.899, 0.417, 0.42, 0.377, 0.456, 9, 0.672, 0.431, 0.941, 0.138, 0.068]"
41024,"[1, 0.943, 0.489, 0.082, 0.238, 0.116, 8, 0.679, 0.337, 0.534, 0.231, 0.316, 7, 0.648, 0.485, 0.429, 0.315, 0.529, 9, 0.643, 0.487, 0.953, 0.144, 0.063, 8, 0.529, 0.341, 0.602, 0.237, 0.178, 1, 0.292, 0.458, 0.066, 0.189, 0.083]"
41066,"[9, 0.867, 0.498, 0.915, 0.168, 0.134, 2, 0.716, 0.48, 0.384, 0.443, 0.469, 2, 0.427, 0.469, 0.304, 0.433, 0.292, 7, 0.4, 0.46, 0.418, 0.308, 0.398, 6, 0.374, 0.47, 0.512, 0.297, 0.21, 8, 0.298, 0.61, 0.405, 0.17, 0.423, 0, 0.27, 0.527, 0.064, 0.166, 0.065, 8, 0.258, 0.639, 0.511, 0.102, 0.187]"
42,"[3, 0.885, 0.351, 0.337, 0.333, 0.26, 5, 0.729, 0.361, 0.488, 0.258, 0.135]"
42620,"[7, 0.731, 0.292, 0.579, 0.392, 0.417, 7, 0.63, 0.342, 0.581, 0.288, 0.382, 8, 0.465, 0.49, 0.796, 0.157, 0.173, 1, 0.335, 0.297, 0.203, 0.132, 0.036, 9, 0.291, 0.354, 0.967, 0.197, 0.065]"
42653,"[4, 0.905, 0.524, 0.652, 0.296, 0.452, 3, 0.873, 0.523, 0.31, 0.328, 0.267, 8, 0.854, 0.664, 0.661, 0.163, 0.261, 9, 0.634, 0.509, 0.901, 0.194, 0.097]"
42671,"[3, 0.616, 0.458, 0.245, 0.326, 0.199, 5, 0.507, 0.496, 0.425, 0.318, 0.23, 7, 0.462, 0.482, 0.341, 0.355, 0.397, 9, 0.412, 0.549, 0.881, 0.115, 0.185]"
43053,"[4, 0.9, 0.523, 0.663, 0.233, 0.361, 2, 0.882, 0.518, 0.392, 0.303, 0.245, 8, 0.876, 0.398, 0.711, 0.11, 0.239, 9, 0.434, 0.509, 0.883, 0.05, 0.063, 3, 0.368, 0.532, 0.406, 0.186, 0.222]"
43799,"[3, 0.88, 0.564, 0.284, 0.388, 0.21, 5, 0.819, 0.567, 0.461, 0.283, 0.189, 9, 0.615, 0.518, 0.897, 0.146, 0.059]"
44137,"[5, 0.842, 0.519, 0.465, 0.29, 0.152, 9, 0.8, 0.494, 0.928, 0.135, 0.101, 3, 0.755, 0.49, 0.298, 0.154, 0.2, 1, 0.703, 0.481, 0.098, 0.184, 0.095, 2, 0.475, 0.502, 0.289, 0.287, 0.222]"
44197,"[5, 0.821, 0.458, 0.452, 0.307, 0.168, 3, 0.811, 0.385, 0.263, 0.47, 0.238, 9, 0.588, 0.44, 0.931, 0.154, 0.074]"
44421,"[3, 0.896, 0.272, 0.296, 0.396, 0.219, 5, 0.812, 0.288, 0.478, 0.294, 0.191, 9, 0.476, 0.285, 0.978, 0.177, 0.044]"
44437,"[9, 0.954, 0.455, 0.929, 0.242, 0.118, 4, 0.915, 0.467, 0.709, 0.294, 0.345, 3, 0.864, 0.444, 0.417, 0.339, 0.338]"
44651,"[8, 0.776, 0.612, 0.482, 0.216, 0.13, 7, 0.762, 0.528, 0.451, 0.401, 0.484, 8, 0.685, 0.569, 0.482, 0.338, 0.138, 7, 0.327, 0.533, 0.505, 0.408, 0.331]"
44737,"[3, 0.913, 0.342, 0.369, 0.384, 0.321, 9, 0.844, 0.34, 0.942, 0.145, 0.062, 6, 0.832, 0.334, 0.537, 0.289, 0.188, 4, 0.493, 0.332, 0.774, 0.219, 0.3]"
449,"[8, 0.842, 0.391, 0.656, 0.251, 0.168, 3, 0.773, 0.494, 0.371, 0.334, 0.312, 6, 0.557, 0.496, 0.562, 0.367, 0.105, 9, 0.479, 0.508, 0.933, 0.293, 0.1, 9, 0.296, 0.506, 0.91, 0.297, 0.149]"
45296,"[6, 0.78, 0.494, 0.513, 0.266, 0.25, 9, 0.705, 0.55, 0.912, 0.295, 0.159, 3, 0.522, 0.552, 0.299, 0.36, 0.219, 2, 0.263, 0.526, 0.407, 0.343, 0.433]"
45639,"[7, 0.882, 0.606, 0.516, 0.346, 0.398, 2, 0.864, 0.579, 0.441, 0.442, 0.388, 9, 0.701, 0.617, 0.958, 0.131, 0.043]"
45743,"[5, 0.736, 0.36, 0.509, 0.276, 0.189, 8, 0.641, 0.224, 0.748, 0.2, 0.291, 3, 0.634, 0.344, 0.323, 0.303, 0.203, 8, 0.5, 0.164, 0.651, 0.326, 0.452, 9, 0.489, 0.352, 0.89, 0.097, 0.081]"
46069,"[9, 0.951, 0.469, 0.929, 0.226, 0.14, 8, 0.946, 0.285, 0.629, 0.353, 0.271, 2, 0.882, 0.494, 0.382, 0.47, 0.286, 4, 0.862, 0.491, 0.683, 0.265, 0.368, 8, 0.429, 0.966, 0.74, 0.069, 0.127, 3, 0.378, 0.492, 0.423, 0.239, 0.244]"
4619,"[8, 0.897, 0.796, 0.617, 0.214, 0.173, 7, 0.879, 0.674, 0.388, 0.309, 0.358, 1, 0.591, 0.639, 0.109, 0.153, 0.072, 1, 0.573, 0.639, 0.1, 0.137, 0.053, 9, 0.551, 0.677, 0.895, 0.153, 0.131, 1, 0.549, 0.647, 0.12, 0.178, 0.092, 9, 0.299, 0.68, 0.929, 0.134, 0.061]"
46428,"[9, 0.823, 0.468, 0.91, 0.156, 0.124, 5, 0.789, 0.446, 0.56, 0.288, 0.175, 3, 0.519, 0.473, 0.296, 0.355, 0.206, 8, 0.479, 0.297, 0.54, 0.108, 0.118]"
46463,"[7, 0.88, 0.463, 0.409, 0.414, 0.444, 9, 0.816, 0.433, 0.905, 0.236, 0.106]"
46873,"[9, 0.775, 0.668, 0.938, 0.176, 0.082, 8, 0.759, 0.729, 0.649, 0.218, 0.207, 7, 0.708, 0.618, 0.388, 0.341, 0.334]"
47557,"[8, 0.894, 0.385, 0.501, 0.225, 0.106, 7, 0.875, 0.487, 0.382, 0.352, 0.343, 9, 0.563, 0.499, 0.851, 0.199, 0.114, 9, 0.368, 0.499, 0.882, 0.198, 0.052]"
48051,"[6, 0.808, 0.448, 0.456, 0.307, 0.224, 8, 0.725, 0.642, 0.43, 0.153, 0.148, 3, 0.649, 0.465, 0.269, 0.298, 0.213, 9, 0.538, 0.43, 0.948, 0.167, 0.058]"
48274,"[6, 0.87, 0.499, 0.482, 0.303, 0.261, 3, 0.845, 0.456, 0.252, 0.426, 0.222, 9, 0.835, 0.464, 0.954, 0.151, 0.074]"
48288,"[1, 0.923, 0.54, 0.14, 0.274, 0.122, 9, 0.906, 0.602, 0.911, 0.319, 0.108, 4, 0.786, 0.549, 0.617, 0.349, 0.477, 7, 0.486, 0.554, 0.556, 0.344, 0.634]"
48938,"[3, 0.849, 0.464, 0.255, 0.306, 0.184, 5, 0.809, 0.476, 0.42, 0.259, 0.167, 8, 0.48, 0.604, 0.334, 0.186, 0.346]"
48949,"[1, 0.79, 0.508, 0.161, 0.276, 0.138, 8, 0.788, 0.408, 0.678, 0.116, 0.223, 3, 0.783, 0.557, 0.366, 0.233, 0.218, 6, 0.618, 0.528, 0.507, 0.253, 0.134, 5, 0.482, 0.526, 0.508, 0.249, 0.135, 9, 0.377, 0.511, 0.86, 0.097, 0.108]"
49379,"[9, 0.879, 0.348, 0.882, 0.179, 0.161, 7, 0.874, 0.414, 0.432, 0.353, 0.341, 8, 0.364, 0.262, 0.554, 0.097, 0.093]"
49453,"[5, 0.848, 0.565, 0.494, 0.308, 0.206, 3, 0.785, 0.556, 0.302, 0.467, 0.258, 9, 0.515, 0.524, 0.944, 0.197, 0.041, 8, 0.382, 0.347, 0.503, 0.218, 0.281]"
49708,"[6, 0.871, 0.449, 0.478, 0.277, 0.205, 3, 0.839, 0.423, 0.303, 0.454, 0.185, 9, 0.346, 0.457, 0.904, 0.115, 0.06, 9, 0.277, 0.458, 0.895, 0.147, 0.076]"
49795,"[4, 0.919, 0.474, 0.676, 0.198, 0.363, 3, 0.915, 0.518, 0.408, 0.307, 0.178, 8, 0.837, 0.372, 0.652, 0.131, 0.129, 9, 0.724, 0.459, 0.88, 0.167, 0.067]"
50609,"[2, 0.915, 0.478, 0.444, 0.382, 0.375, 7, 0.907, 0.48, 0.526, 0.274, 0.378, 9, 0.732, 0.485, 0.928, 0.131, 0.055, 3, 0.362, 0.477, 0.385, 0.152, 0.119]"
51534,"[4, 0.925, 0.486, 0.625, 0.348, 0.441, 3, 0.882, 0.516, 0.294, 0.305, 0.203, 9, 0.822, 0.461, 0.944, 0.29, 0.101]"
51583,"[1, 0.949, 0.529, 0.095, 0.341, 0.152, 9, 0.669, 0.527, 0.934, 0.092, 0.118, 6, 0.615, 0.485, 0.449, 0.288, 0.283, 3, 0.559, 0.515, 0.244, 0.311, 0.144, 7, 0.38, 0.504, 0.381, 0.328, 0.415]"
52059,"[7, 0.845, 0.404, 0.354, 0.412, 0.399, 9, 0.719, 0.522, 0.816, 0.254, 0.129, 0, 0.334, 0.407, 0.095, 0.109, 0.056, 0, 0.266, 0.395, 0.091, 0.088, 0.044]"
52071,"[2, 0.917, 0.548, 0.423, 0.365, 0.255, 5, 0.775, 0.54, 0.562, 0.242, 0.116, 3, 0.63, 0.531, 0.437, 0.223, 0.198, 9, 0.515, 0.492, 0.851, 0.138, 0.053]"
52345,"[6, 0.868, 0.586, 0.496, 0.298, 0.218, 3, 0.853, 0.572, 0.31, 0.239, 0.19, 9, 0.568, 0.615, 0.879, 0.114, 0.113]"
52781,"[4, 0.893, 0.473, 0.563, 0.239, 0.385, 3, 0.854, 0.471, 0.287, 0.284, 0.156, 9, 0.531, 0.468, 0.829, 0.145, 0.089, 8, 0.385, 0.36, 0.4, 0.142, 0.315, 8, 0.277, 0.335, 0.469, 0.084, 0.183]"
52923,"[8, 0.684, 0.086, 0.594, 0.11, 0.127, 9, 0.58, 0.251, 0.934, 0.191, 0.081, 7, 0.564, 0.263, 0.502, 0.355, 0.365, 8, 0.497, 0.096, 0.534, 0.129, 0.248, 2, 0.263, 0.264, 0.381, 0.376, 0.17]"
53137,"[7, 0.897, 0.472, 0.381, 0.355, 0.418, 9, 0.538, 0.395, 0.861, 0.2, 0.162, 9, 0.308, 0.396, 0.886, 0.201, 0.116]"
53145,"[4, 0.918, 0.492, 0.62, 0.364, 0.479, 9, 0.81, 0.492, 0.919, 0.376, 0.098, 7, 0.333, 0.486, 0.521, 0.355, 0.606]"
53207,"[4, 0.906, 0.652, 0.671, 0.265, 0.37, 9, 0.869, 0.704, 0.923, 0.224, 0.112, 2, 0.643, 0.692, 0.331, 0.38, 0.314, 3, 0.477, 0.701, 0.332, 0.376, 0.32, 6, 0.459, 0.657, 0.491, 0.321, 0.21]"
53715,"[2, 0.955, 0.499, 0.391, 0.364, 0.362, 8, 0.943, 0.322, 0.465, 0.233, 0.218, 4, 0.886, 0.493, 0.648, 0.231, 0.425, 3, 0.824, 0.51, 0.349, 0.111, 0.169, 9, 0.806, 0.485, 0.899, 0.131, 0.091]"
54472,"[6, 0.887, 0.374, 0.451, 0.333, 0.252, 9, 0.685, 0.352, 0.897, 0.15, 0.124, 3, 0.549, 0.439, 0.294, 0.205, 0.113, 2, 0.53, 0.485, 0.31, 0.468, 0.243, 8, 0.367, 0.227, 0.577, 0.098, 0.095]"
55306,"[9, 0.745, 0.531, 0.935, 0.191, 0.082, 5, 0.744, 0.546, 0.477, 0.22, 0.204, 2, 0.714, 0.472, 0.315, 0.452, 0.293, 3, 0.655, 0.549, 0.28, 0.151, 0.213, 8, 0.531, 0.372, 0.384, 0.27, 0.328, 1, 0.343, 0.516, 0.078, 0.375, 0.148, 8, 0.276, 0.381, 0.417, 0.236, 0.211]"
55565,"[8, 0.88, 0.432, 0.709, 0.132, 0.214, 6, 0.878, 0.632, 0.511, 0.397, 0.266, 3, 0.822, 0.661, 0.307, 0.442, 0.227, 9, 0.62, 0.612, 0.931, 0.165, 0.051]"
56052,"[7, 0.885, 0.454, 0.429, 0.29, 0.375, 8, 0.653, 0.296, 0.615, 0.111, 0.174]"
56322,"[9, 0.9, 0.321, 0.915, 0.341, 0.171, 8, 0.856, 0.583, 0.482, 0.19, 0.393, 6, 0.813, 0.364, 0.479, 0.391, 0.198, 3, 0.718, 0.431, 0.271, 0.464, 0.214]"
56351,"[9, 0.904, 0.53, 0.903, 0.209, 0.118, 7, 0.572, 0.491, 0.527, 0.3, 0.623, 7, 0.557, 0.433, 0.501, 0.418, 0.591, 4, 0.419, 0.491, 0.569, 0.299, 0.482, 6, 0.289, 0.494, 0.569, 0.306, 0.487]"
56922,"[5, 0.844, 0.484, 0.472, 0.277, 0.147, 3, 0.709, 0.492, 0.301, 0.297, 0.258, 9, 0.673, 0.504, 0.925, 0.129, 0.116, 8, 0.393, 0.331, 0.594, 0.089, 0.099]"
5731,"[8, 0.856, 0.429, 0.481, 0.235, 0.198, 3, 0.83, 0.554, 0.274, 0.316, 0.208, 6, 0.779, 0.574, 0.451, 0.238, 0.234, 9, 0.605, 0.514, 0.904, 0.166, 0.114]"
57449,"[6, 0.826, 0.469, 0.618, 0.216, 0.115, 3, 0.805, 0.471, 0.472, 0.174, 0.195, 9, 0.549, 0.556, 0.881, 0.191, 0.082, 8, 0.392, 0.467, 0.617, 0.213, 0.112]"
57685,"[3, 0.808, 0.543, 0.273, 0.332, 0.267, 9, 0.79, 0.52, 0.822, 0.277, 0.119, 5, 0.397, 0.456, 0.425, 0.232, 0.148, 8, 0.255, 0.543, 0.273, 0.337, 0.273]"
57846,"[9, 0.936, 0.53, 0.883, 0.212, 0.143, 2, 0.865, 0.467, 0.29, 0.513, 0.275, 6, 0.83, 0.439, 0.484, 0.263, 0.18, 8, 0.816, 0.304, 0.427, 0.177, 0.299, 3, 0.642, 0.435, 0.304, 0.128, 0.167, 8, 0.344, 0.287, 0.502, 0.142, 0.15]"
58063,"[2, 0.856, 0.491, 0.325, 0.344, 0.315, 6, 0.782, 0.478, 0.469, 0.339, 0.212, 9, 0.755, 0.569, 0.897, 0.23, 0.133, 3, 0.726, 0.481, 0.282, 0.191, 0.149, 3, 0.284, 0.512, 0.278, 0.134, 0.149, 9, 0.255, 0.563, 0.932, 0.229, 0.064]"
58068,"[9, 0.878, 0.484, 0.942, 0.218, 0.1, 6, 0.824, 0.529, 0.422, 0.261, 0.208, 2, 0.809, 0.552, 0.285, 0.461, 0.279, 3, 0.633, 0.546, 0.27, 0.151, 0.162, 0, 0.408, 0.574, 0.103, 0.125, 0.078, 8, 0.364, 0.387, 0.719, 0.193, 0.14, 4, 0.254, 0.507, 0.7, 0.324, 0.401]"
58237,"[4, 0.904, 0.475, 0.678, 0.299, 0.454, 2, 0.902, 0.477, 0.343, 0.382, 0.282, 3, 0.885, 0.492, 0.355, 0.156, 0.21, 9, 0.626, 0.496, 0.943, 0.16, 0.111]"
58253,"[8, 0.853, 0.633, 0.675, 0.17, 0.329, 2, 0.83, 0.48, 0.332, 0.37, 0.224, 5, 0.637, 0.488, 0.439, 0.262, 0.098, 3, 0.516, 0.486, 0.322, 0.254, 0.19]"
58415,"[8, 0.739, 0.382, 0.488, 0.252, 0.16, 3, 0.719, 0.503, 0.306, 0.39, 0.308, 9, 0.486, 0.52, 0.922, 0.206, 0.126, 1, 0.39, 0.562, 0.042, 0.184, 0.062, 6, 0.379, 0.478, 0.632, 0.326, 0.454, 1, 0.287, 0.579, 0.046, 0.218, 0.083]"
58512,"[4, 0.913, 0.64, 0.64, 0.356, 0.447, 3, 0.58, 0.643, 0.318, 0.236, 0.181, 3, 0.563, 0.648, 0.326, 0.37, 0.241, 2, 0.506, 0.649, 0.335, 0.366, 0.261]"
58682,"[3, 0.772, 0.512, 0.295, 0.314, 0.17, 6, 0.657, 0.495, 0.46, 0.297, 0.145, 8, 0.602, 0.328, 0.485, 0.18, 0.111, 9, 0.511, 0.522, 0.898, 0.153, 0.058, 8, 0.364, 0.354, 0.385, 0.231, 0.33]"
58883,"[9, 0.891, 0.416, 0.941, 0.18, 0.088, 5, 0.705, 0.448, 0.537, 0.338, 0.092, 3, 0.647, 0.47, 0.341, 0.371, 0.364, 3, 0.574, 0.511, 0.302, 0.269, 0.223, 3, 0.309, 0.503, 0.29, 0.369, 0.239, 3, 0.308, 0.458, 0.404, 0.346, 0.234]"
59464,"[7, 0.818, 0.518, 0.396, 0.283, 0.408, 8, 0.338, 0.389, 0.557, 0.09, 0.107, 9, 0.294, 0.505, 0.959, 0.11, 0.077]"
60472,"[8, 0.869, 0.712, 0.623, 0.137, 0.225, 9, 0.866, 0.457, 0.875, 0.205, 0.073, 6, 0.843, 0.484, 0.51, 0.33, 0.211, 3, 0.704, 0.481, 0.322, 0.359, 0.241]"
60221,"[9, 0.863, 0.688, 0.901, 0.213, 0.11, 3, 0.818, 0.718, 0.354, 0.277, 0.34, 6, 0.71, 0.665, 0.53, 0.187, 0.236, 0, 0.336, 0.701, 0.12, 0.094, 0.047]"
6124,"[6, 0.909, 0.499, 0.498, 0.269, 0.268, 3, 0.838, 0.525, 0.297, 0.345, 0.212, 9, 0.658, 0.55, 0.86, 0.157, 0.07, 8, 0.3, 0.577, 0.477, 0.112, 0.127, 8, 0.276, 0.613, 0.468, 0.185, 0.146]"
6125,"[4, 0.892, 0.47, 0.697, 0.191, 0.318, 3, 0.799, 0.48, 0.423, 0.324, 0.25, 9, 0.403, 0.483, 0.891, 0.077, 0.06, 0, 0.391, 0.481, 0.248, 0.105, 0.04]"
61494,"[4, 0.887, 0.494, 0.669, 0.316, 0.535, 3, 0.832, 0.485, 0.356, 0.352, 0.3, 8, 0.628, 0.671, 0.535, 0.207, 0.087, 9, 0.484, 0.545, 0.958, 0.149, 0.081]"
61514,"[8, 0.819, 0.265, 0.432, 0.173, 0.355, 6, 0.805, 0.46, 0.468, 0.348, 0.22, 2, 0.664, 0.408, 0.288, 0.399, 0.23, 3, 0.637, 0.421, 0.303, 0.146, 0.133, 8, 0.593, 0.267, 0.554, 0.151, 0.115]"
61828,"[4, 0.902, 0.469, 0.695, 0.252, 0.44, 9, 0.875, 0.508, 0.936, 0.198, 0.093, 2, 0.851, 0.473, 0.399, 0.363, 0.434, 3, 0.667, 0.442, 0.357, 0.11, 0.201]"
61911,"[5, 0.783, 0.52, 0.421, 0.245, 0.191, 3, 0.721, 0.52, 0.262, 0.245, 0.186, 8, 0.715, 0.678, 0.713, 0.182, 0.189, 9, 0.324, 0.529, 0.921, 0.165, 0.134]"
62712,"[3, 0.856, 0.477, 0.349, 0.393, 0.226, 9, 0.845, 0.493, 0.886, 0.154, 0.123, 6, 0.792, 0.489, 0.535, 0.288, 0.195, 9, 0.393, 0.493, 0.859, 0.151, 0.073, 8, 0.343, 0.319, 0.529, 0.1, 0.138]"
6288,"[7, 0.747, 0.491, 0.387, 0.356, 0.419, 8, 0.743, 0.713, 0.579, 0.201, 0.203, 9, 0.677, 0.638, 0.88, 0.312, 0.148, 9, 0.475, 0.639, 0.905, 0.309, 0.097, 6, 0.315, 0.504, 0.487, 0.32, 0.227, 3, 0.251, 0.462, 0.278, 0.28, 0.203]"
63177,"[3, 0.903, 0.511, 0.317, 0.256, 0.308, 4, 0.887, 0.491, 0.629, 0.291, 0.411, 9, 0.798, 0.487, 0.886, 0.24, 0.168, 0, 0.397, 0.525, 0.095, 0.148, 0.069]"
63223,"[2, 0.923, 0.459, 0.348, 0.406, 0.371, 4, 0.91, 0.483, 0.702, 0.328, 0.39, 9, 0.849, 0.456, 0.925, 0.188, 0.133, 3, 0.727, 0.475, 0.387, 0.198, 0.255, 3, 0.43, 0.473, 0.364, 0.228, 0.321]"
63548,"[7, 0.89, 0.499, 0.455, 0.355, 0.328, 8, 0.657, 0.572, 0.554, 0.21, 0.127, 9, 0.432, 0.533, 0.936, 0.193, 0.061]"
63852,"[9, 0.9, 0.481, 0.915, 0.15, 0.115, 8, 0.782, 0.417, 0.486, 0.231, 0.143, 3, 0.703, 0.543, 0.287, 0.366, 0.21, 6, 0.376, 0.505, 0.463, 0.265, 0.209, 7, 0.287, 0.546, 0.366, 0.376, 0.361, 0, 0.27, 0.563, 0.103, 0.139, 0.07]"
64127,"[4, 0.915, 0.294, 0.632, 0.302, 0.483, 3, 0.909, 0.283, 0.28, 0.295, 0.204, 9, 0.601, 0.311, 0.928, 0.264, 0.061]"
64292,"[8, 0.891, 0.683, 0.471, 0.227, 0.298, 6, 0.767, 0.491, 0.461, 0.299, 0.184, 3, 0.665, 0.486, 0.296, 0.368, 0.169, 9, 0.523, 0.476, 0.93, 0.113, 0.11, 9, 0.388, 0.478, 0.904, 0.119, 0.164, 3, 0.28, 0.453, 0.332, 0.158, 0.094]"
64301,"[2, 0.933, 0.457, 0.4, 0.407, 0.429, 4, 0.854, 0.473, 0.662, 0.237, 0.432, 9, 0.417, 0.491, 0.947, 0.153, 0.071, 9, 0.35, 0.496, 0.933, 0.163, 0.098]"
64572,"[9, 0.892, 0.453, 0.907, 0.19, 0.182, 2, 0.889, 0.497, 0.363, 0.394, 0.389, 8, 0.812, 0.674, 0.482, 0.215, 0.263, 3, 0.702, 0.491, 0.258, 0.126, 0.175]"
6476,"[9, 0.894, 0.528, 0.923, 0.164, 0.114, 8, 0.846, 0.319, 0.581, 0.208, 0.294, 5, 0.756, 0.55, 0.492, 0.192, 0.149, 2, 0.622, 0.519, 0.36, 0.385, 0.408, 3, 0.35, 0.526, 0.344, 0.348, 0.38, 3, 0.284, 0.553, 0.352, 0.205, 0.305, 8, 0.256, 0.325, 0.46, 0.235, 0.527]"
64851,"[5, 0.773, 0.54, 0.447, 0.307, 0.158, 3, 0.765, 0.537, 0.294, 0.26, 0.224, 9, 0.724, 0.555, 0.938, 0.087, 0.083]"
66193,"[9, 0.871, 0.483, 0.909, 0.175, 0.096, 3, 0.832, 0.515, 0.38, 0.347, 0.273, 4, 0.826, 0.495, 0.692, 0.235, 0.348, 6, 0.37, 0.506, 0.487, 0.261, 0.116, 1, 0.335, 0.545, 0.135, 0.167, 0.068]"
66774,"[2, 0.891, 0.563, 0.37, 0.358, 0.291, 3, 0.89, 0.585, 0.388, 0.197, 0.183, 5, 0.811, 0.606, 0.556, 0.282, 0.148, 9, 0.651, 0.616, 0.901, 0.162, 0.119]"
66970,"[2, 0.871, 0.479, 0.34, 0.425, 0.336, 9, 0.708, 0.495, 0.956, 0.218, 0.077, 3, 0.65, 0.425, 0.381, 0.247, 0.228, 4, 0.614, 0.459, 0.541, 0.342, 0.148, 5, 0.494, 0.46, 0.54, 0.344, 0.15]"
67014,"[9, 0.918, 0.545, 0.85, 0.22, 0.132, 2, 0.832, 0.521, 0.312, 0.473, 0.301, 7, 0.813, 0.444, 0.375, 0.267, 0.322, 8, 0.402, 0.37, 0.7, 0.206, 0.191]"
67514,"[9, 0.878, 0.472, 0.909, 0.188, 0.134, 6, 0.785, 0.442, 0.497, 0.304, 0.282, 8, 0.776, 0.294, 0.467, 0.278, 0.253, 3, 0.588, 0.483, 0.281, 0.292, 0.18]"
67891,"[3, 0.865, 0.383, 0.425, 0.351, 0.284, 5, 0.785, 0.356, 0.572, 0.243, 0.076, 9, 0.662, 0.374, 0.892, 0.086, 0.124, 0, 0.299, 0.421, 0.225, 0.138, 0.068]"
67987,"[7, 0.83, 0.55, 0.517, 0.415, 0.515, 9, 0.34, 0.552, 0.945, 0.115, 0.109]"
68022,"[8, 0.793, 0.497, 0.586, 0.137, 0.077, 9, 0.738, 0.515, 0.952, 0.153, 0.059, 6, 0.706, 0.51, 0.562, 0.274, 0.188, 3, 0.681, 0.516, 0.419, 0.316, 0.207]"
69445,"[9, 0.893, 0.59, 0.934, 0.257, 0.117, 7, 0.877, 0.515, 0.39, 0.368, 0.444]"
69658,"[2, 0.916, 0.493, 0.354, 0.4, 0.379, 9, 0.83, 0.49, 0.914, 0.197, 0.155, 5, 0.718, 0.528, 0.487, 0.218, 0.147, 3, 0.709, 0.502, 0.318, 0.181, 0.218, 8, 0.506, 0.305, 0.402, 0.265, 0.365, 8, 0.434, 0.298, 0.463, 0.253, 0.242, 8, 0.323, 0.28, 0.494, 0.213, 0.179]"
70017,"[2, 0.875, 0.604, 0.348, 0.415, 0.252, 6, 0.814, 0.544, 0.569, 0.285, 0.14, 3, 0.706, 0.57, 0.433, 0.424, 0.274, 9, 0.536, 0.435, 0.912, 0.18, 0.087, 9, 0.521, 0.426, 0.927, 0.165, 0.057]"
70107,"[2, 0.929, 0.577, 0.41, 0.418, 0.23, 7, 0.925, 0.545, 0.541, 0.319, 0.3, 9, 0.787, 0.58, 0.887, 0.113, 0.055]"
70633,"[4, 0.883, 0.712, 0.666, 0.325, 0.437, 2, 0.873, 0.702, 0.311, 0.428, 0.287, 9, 0.752, 0.707, 0.942, 0.165, 0.063, 3, 0.659, 0.722, 0.336, 0.186, 0.214]"
71395,"[3, 0.796, 0.526, 0.359, 0.393, 0.364, 8, 0.703, 0.399, 0.5, 0.185, 0.154, 5, 0.637, 0.558, 0.465, 0.234, 0.11, 9, 0.255, 0.545, 0.92, 0.135, 0.141]"
71912,"[2, 0.883, 0.491, 0.335, 0.364, 0.274, 9, 0.879, 0.502, 0.926, 0.143, 0.086, 3, 0.856, 0.5, 0.326, 0.19, 0.17, 6, 0.63, 0.502, 0.511, 0.325, 0.216]"
7380,"[3, 0.935, 0.593, 0.315, 0.395, 0.272, 5, 0.678, 0.576, 0.503, 0.294, 0.163, 9, 0.586, 0.57, 0.957, 0.144, 0.053]"
74793,"[3, 0.898, 0.357, 0.314, 0.398, 0.243, 6, 0.808, 0.445, 0.547, 0.338, 0.277, 9, 0.32, 0.457, 0.981, 0.193, 0.038]"
74956,"[3, 0.886, 0.488, 0.37, 0.35, 0.331, 9, 0.823, 0.453, 0.92, 0.174, 0.081, 5, 0.765, 0.504, 0.489, 0.243, 0.154]"
7502,"[3, 0.88, 0.582, 0.316, 0.31, 0.196, 6, 0.685, 0.507, 0.496, 0.293, 0.223, 9, 0.47, 0.471, 0.939, 0.273, 0.098, 9, 0.287, 0.428, 0.962, 0.206, 0.05]"
75909,"[4, 0.891, 0.51, 0.657, 0.401, 0.505, 3, 0.799, 0.499, 0.337, 0.296, 0.254, 9, 0.548, 0.552, 0.938, 0.217, 0.123, 8, 0.389, 0.638, 0.331, 0.159, 0.272]"
76099,"[6, 0.839, 0.335, 0.509, 0.287, 0.26, 8, 0.819, 0.191, 0.624, 0.207, 0.212, 3, 0.51, 0.323, 0.292, 0.346, 0.21, 8, 0.279, 0.192, 0.556, 0.217, 0.355]"
76241,"[9, 0.884, 0.393, 0.872, 0.235, 0.103, 6, 0.842, 0.374, 0.487, 0.333, 0.216, 3, 0.712, 0.393, 0.29, 0.26, 0.178, 0, 0.607, 0.383, 0.116, 0.152, 0.055]"
76740,"[7, 0.874, 0.459, 0.408, 0.3, 0.36, 9, 0.869, 0.554, 0.88, 0.318, 0.177, 8, 0.844, 0.617, 0.652, 0.18, 0.197, 1, 0.645, 0.483, 0.08, 0.17, 0.081, 1, 0.363, 0.487, 0.094, 0.192, 0.107]"
77130,"[4, 0.875, 0.467, 0.663, 0.269, 0.436, 3, 0.858, 0.496, 0.348, 0.379, 0.309, 8, 0.601, 0.603, 0.62, 0.259, 0.209, 9, 0.38, 0.461, 0.952, 0.147, 0.042, 9, 0.368, 0.482, 0.921, 0.188, 0.103]"
78731,"[2, 0.825, 0.51, 0.468, 0.282, 0.206, 9, 0.804, 0.507, 0.896, 0.134, 0.111, 6, 0.757, 0.514, 0.626, 0.299, 0.214, 4, 0.355, 0.514, 0.677, 0.297, 0.316]"
78736,"[8, 0.957, 0.362, 0.593, 0.206, 0.224, 6, 0.808, 0.545, 0.536, 0.375, 0.347, 2, 0.524, 0.497, 0.265, 0.445, 0.21, 9, 0.383, 0.495, 0.872, 0.071, 0.122, 3, 0.351, 0.496, 0.266, 0.439, 0.209]"
79060,"[1, 0.963, 0.545, 0.199, 0.287, 0.126, 6, 0.87, 0.531, 0.52, 0.287, 0.221, 3, 0.839, 0.565, 0.366, 0.172, 0.115, 9, 0.636, 0.521, 0.892, 0.101, 0.082, 1, 0.25, 0.501, 0.179, 0.181, 0.091]"
79342,"[8, 0.892, 0.624, 0.617, 0.299, 0.195, 7, 0.778, 0.467, 0.372, 0.312, 0.383, 8, 0.749, 0.163, 0.645, 0.216, 0.093]"
79881,"[9, 0.942, 0.51, 0.918, 0.225, 0.141, 3, 0.883, 0.487, 0.291, 0.402, 0.223, 5, 0.79, 0.509, 0.463, 0.3, 0.173]"
7998,"[6, 0.821, 0.536, 0.518, 0.271, 0.183, 9, 0.803, 0.525, 0.927, 0.14, 0.128, 3, 0.663, 0.535, 0.369, 0.286, 0.152]"
8,"[2, 0.897, 0.489, 0.393, 0.421, 0.432, 7, 0.789, 0.529, 0.457, 0.328, 0.376, 9, 0.683, 0.515, 0.929, 0.149, 0.063]"
60266,"[9, 0.8, 0.422, 0.922, 0.151, 0.146, 7, 0.766, 0.422, 0.369, 0.325, 0.438, 8, 0.286, 0.644, 0.45, 0.177, 0.255, 8, 0.26, 0.658, 0.479, 0.15, 0.194]"
80060,"[7, 0.834, 0.48, 0.404, 0.347, 0.366, 9, 0.293, 0.463, 0.828, 0.245, 0.109, 9, 0.293, 0.464, 0.887, 0.247, 0.054, 2, 0.272, 0.478, 0.406, 0.344, 0.379]"
81082,"[9, 0.91, 0.495, 0.897, 0.225, 0.118, 2, 0.827, 0.544, 0.304, 0.337, 0.305, 7, 0.728, 0.533, 0.413, 0.343, 0.408]"
80439,"[5, 0.788, 0.49, 0.524, 0.156, 0.112, 3, 0.741, 0.425, 0.436, 0.222, 0.137, 5, 0.74, 0.447, 0.525, 0.242, 0.113, 9, 0.552, 0.504, 0.875, 0.177, 0.066]"
81466,"[9, 0.9, 0.497, 0.925, 0.151, 0.122, 8, 0.89, 0.386, 0.628, 0.221, 0.177, 7, 0.875, 0.52, 0.386, 0.314, 0.385, 1, 0.787, 0.528, 0.06, 0.216, 0.114]"
81763,"[9, 0.748, 0.503, 0.904, 0.126, 0.094, 2, 0.741, 0.522, 0.453, 0.353, 0.342, 1, 0.734, 0.558, 0.177, 0.159, 0.106, 6, 0.661, 0.521, 0.628, 0.348, 0.124]"
81888,"[8, 0.915, 0.336, 0.732, 0.148, 0.368, 6, 0.887, 0.5, 0.549, 0.325, 0.245, 3, 0.799, 0.483, 0.375, 0.211, 0.123, 9, 0.79, 0.487, 0.889, 0.174, 0.075]"
8205,"[1, 0.731, 0.456, 0.068, 0.252, 0.136, 8, 0.728, 0.253, 0.506, 0.243, 0.283, 3, 0.664, 0.432, 0.262, 0.282, 0.182, 7, 0.532, 0.378, 0.405, 0.404, 0.522]"
82068,"[8, 0.835, 0.65, 0.632, 0.191, 0.185, 6, 0.779, 0.433, 0.534, 0.433, 0.217, 3, 0.771, 0.471, 0.343, 0.269, 0.199, 9, 0.757, 0.488, 0.883, 0.148, 0.155]"
83548,"[2, 0.904, 0.378, 0.389, 0.296, 0.313, 9, 0.819, 0.34, 0.708, 0.143, 0.111, 5, 0.779, 0.402, 0.462, 0.133, 0.064, 3, 0.452, 0.401, 0.36, 0.131, 0.158]"
83550,"[9, 0.939, 0.595, 0.922, 0.216, 0.146, 2, 0.678, 0.49, 0.439, 0.473, 0.426, 7, 0.614, 0.49, 0.444, 0.479, 0.407]"
83666,"[4, 0.879, 0.527, 0.607, 0.223, 0.298, 2, 0.863, 0.577, 0.387, 0.375, 0.303, 9, 0.579, 0.522, 0.817, 0.124, 0.096, 9, 0.276, 0.519, 0.835, 0.127, 0.075]"
83694,"[8, 0.883, 0.617, 0.687, 0.356, 0.21, 2, 0.831, 0.441, 0.451, 0.487, 0.387, 9, 0.628, 0.458, 0.953, 0.147, 0.071, 8, 0.328, 0.622, 0.599, 0.354, 0.385, 5, 0.327, 0.487, 0.579, 0.183, 0.168, 9, 0.315, 0.487, 0.838, 0.212, 0.161, 4, 0.261, 0.488, 0.84, 0.214, 0.16]"
84364,"[8, 0.916, 0.216, 0.46, 0.187, 0.274, 2, 0.883, 0.333, 0.378, 0.359, 0.263, 6, 0.859, 0.352, 0.567, 0.251, 0.265, 3, 0.567, 0.335, 0.362, 0.194, 0.196, 3, 0.493, 0.331, 0.386, 0.195, 0.137, 9, 0.389, 0.359, 0.909, 0.116, 0.067]"
84523,"[3, 0.933, 0.489, 0.31, 0.329, 0.237, 4, 0.913, 0.506, 0.628, 0.246, 0.431, 9, 0.776, 0.523, 0.898, 0.152, 0.105]"
85115,"[2, 0.906, 0.417, 0.341, 0.39, 0.311, 7, 0.827, 0.382, 0.448, 0.379, 0.348, 9, 0.823, 0.403, 0.912, 0.165, 0.075, 1, 0.798, 0.466, 0.106, 0.202, 0.087, 8, 0.355, 0.268, 0.442, 0.224, 0.372]"
854,"[8, 0.881, 0.329, 0.684, 0.164, 0.127, 7, 0.733, 0.505, 0.417, 0.275, 0.364, 1, 0.689, 0.43, 0.088, 0.15, 0.08, 2, 0.6, 0.499, 0.385, 0.42, 0.379, 9, 0.572, 0.475, 0.877, 0.138, 0.158, 8, 0.297, 0.659, 0.466, 0.207, 0.152]"
85649,"[6, 0.838, 0.487, 0.472, 0.294, 0.187, 9, 0.811, 0.545, 0.88, 0.095, 0.078, 3, 0.572, 0.472, 0.301, 0.534, 0.197, 2, 0.517, 0.467, 0.299, 0.534, 0.198]"
86159,"[5, 0.802, 0.331, 0.491, 0.298, 0.176, 3, 0.764, 0.346, 0.33, 0.333, 0.203, 9, 0.574, 0.349, 0.927, 0.282, 0.105, 1, 0.471, 0.424, 0.11, 0.199, 0.113]"
86234,"[9, 0.899, 0.462, 0.919, 0.284, 0.155, 7, 0.888, 0.502, 0.416, 0.337, 0.444, 1, 0.636, 0.502, 0.066, 0.183, 0.083]"
86349,"[9, 0.719, 0.539, 0.836, 0.253, 0.313, 1, 0.719, 0.523, 0.065, 0.192, 0.092, 4, 0.656, 0.59, 0.637, 0.296, 0.466, 2, 0.63, 0.528, 0.442, 0.398, 0.583, 2, 0.529, 0.527, 0.364, 0.4, 0.41, 8, 0.274, 0.232, 0.914, 0.465, 0.173]"
86522,"[4, 0.874, 0.509, 0.664, 0.245, 0.308, 9, 0.811, 0.509, 0.859, 0.132, 0.091, 3, 0.697, 0.523, 0.348, 0.287, 0.339, 2, 0.277, 0.515, 0.332, 0.322, 0.301]"
8666,"[9, 0.853, 0.469, 0.918, 0.133, 0.111, 7, 0.831, 0.525, 0.457, 0.282, 0.428, 8, 0.679, 0.368, 0.581, 0.072, 0.136]"
8732,"[2, 0.947, 0.455, 0.391, 0.361, 0.334, 9, 0.836, 0.45, 0.919, 0.136, 0.109, 3, 0.778, 0.472, 0.351, 0.146, 0.204, 8, 0.602, 0.304, 0.519, 0.135, 0.115, 5, 0.481, 0.472, 0.507, 0.228, 0.115]"
87956,"[7, 0.847, 0.458, 0.379, 0.388, 0.462, 9, 0.827, 0.448, 0.927, 0.174, 0.127, 1, 0.48, 0.502, 0.052, 0.153, 0.104]"
8805,"[8, 0.872, 0.273, 0.746, 0.212, 0.27, 1, 0.798, 0.478, 0.068, 0.258, 0.131, 2, 0.667, 0.459, 0.419, 0.529, 0.383, 9, 0.548, 0.468, 0.961, 0.178, 0.078, 7, 0.487, 0.439, 0.478, 0.393, 0.496, 9, 0.27, 0.47, 0.937, 0.185, 0.125]"
88640,"[3, 0.89, 0.457, 0.281, 0.312, 0.183, 6, 0.851, 0.359, 0.464, 0.454, 0.197]"
88919,"[7, 0.765, 0.513, 0.431, 0.337, 0.493, 9, 0.492, 0.538, 0.888, 0.129, 0.14]"
89667,"[4, 0.867, 0.53, 0.7, 0.256, 0.393, 2, 0.831, 0.566, 0.473, 0.346, 0.374, 3, 0.817, 0.584, 0.422, 0.155, 0.175, 8, 0.694, 0.392, 0.561, 0.139, 0.336, 9, 0.682, 0.532, 0.925, 0.146, 0.12]"
89721,"[4, 0.916, 0.443, 0.652, 0.311, 0.416, 2, 0.896, 0.41, 0.317, 0.39, 0.296, 3, 0.838, 0.448, 0.348, 0.216, 0.233, 9, 0.702, 0.455, 0.897, 0.22, 0.132]"
89939,"[1, 0.902, 0.531, 0.106, 0.256, 0.113, 4, 0.874, 0.553, 0.665, 0.297, 0.49, 8, 0.859, 0.411, 0.494, 0.21, 0.159, 2, 0.779, 0.514, 0.35, 0.367, 0.266, 3, 0.777, 0.59, 0.344, 0.155, 0.103, 9, 0.692, 0.554, 0.939, 0.209, 0.069]"
90173,"[4, 0.895, 0.272, 0.618, 0.302, 0.44, 3, 0.717, 0.257, 0.329, 0.369, 0.291, 1, 0.702, 0.325, 0.115, 0.174, 0.131, 9, 0.391, 0.274, 0.945, 0.144, 0.049]"
90664,"[7, 0.9, 0.774, 0.517, 0.229, 0.315, 9, 0.252, 0.826, 0.928, 0.133, 0.085]"
9083,"[2, 0.834, 0.495, 0.34, 0.335, 0.224, 7, 0.776, 0.507, 0.446, 0.297, 0.39, 9, 0.447, 0.511, 0.899, 0.121, 0.119, 6, 0.258, 0.506, 0.53, 0.281, 0.223]"
90852,"[7, 0.743, 0.434, 0.532, 0.311, 0.468, 8, 0.54, 0.587, 0.603, 0.132, 0.137, 1, 0.402, 0.502, 0.171, 0.241, 0.18, 9, 0.317, 0.37, 0.96, 0.163, 0.079]"
90855,"[2, 0.91, 0.465, 0.349, 0.36, 0.244, 6, 0.853, 0.463, 0.49, 0.37, 0.216, 3, 0.837, 0.464, 0.326, 0.177, 0.14, 9, 0.729, 0.509, 0.867, 0.158, 0.07]"
91366,"[9, 0.877, 0.435, 0.915, 0.193, 0.119, 6, 0.551, 0.454, 0.448, 0.348, 0.281, 2, 0.367, 0.462, 0.255, 0.342, 0.194, 3, 0.299, 0.459, 0.225, 0.342, 0.133, 7, 0.271, 0.458, 0.378, 0.354, 0.432]"
91736,"[9, 0.762, 0.433, 0.868, 0.123, 0.166, 6, 0.642, 0.455, 0.519, 0.259, 0.142, 2, 0.533, 0.497, 0.36, 0.391, 0.288, 3, 0.475, 0.5, 0.361, 0.395, 0.285]"
92467,"[7, 0.921, 0.482, 0.421, 0.37, 0.374, 2, 0.865, 0.439, 0.332, 0.394, 0.347, 8, 0.742, 0.315, 0.597, 0.183, 0.114, 9, 0.579, 0.506, 0.928, 0.133, 0.073]"
92656,"[4, 0.896, 0.653, 0.67, 0.314, 0.399, 9, 0.875, 0.652, 0.906, 0.183, 0.115, 3, 0.856, 0.655, 0.34, 0.395, 0.263]"
9267,"[3, 0.786, 0.579, 0.484, 0.256, 0.259, 8, 0.767, 0.567, 0.697, 0.218, 0.192, 5, 0.588, 0.563, 0.559, 0.203, 0.13, 5, 0.349, 0.574, 0.552, 0.153, 0.12, 9, 0.283, 0.558, 0.86, 0.145, 0.038]"
92878,"[4, 0.926, 0.577, 0.641, 0.251, 0.41, 3, 0.846, 0.543, 0.374, 0.345, 0.239, 1, 0.786, 0.585, 0.167, 0.204, 0.086, 9, 0.71, 0.553, 0.871, 0.121, 0.103]"
93834,"[6, 0.856, 0.576, 0.517, 0.245, 0.147, 9, 0.85, 0.522, 0.887, 0.23, 0.116, 3, 0.813, 0.573, 0.38, 0.232, 0.153]"
93855,"[9, 0.811, 0.452, 0.899, 0.2, 0.082, 8, 0.774, 0.7, 0.77, 0.338, 0.24, 2, 0.706, 0.453, 0.278, 0.517, 0.208, 6, 0.482, 0.466, 0.446, 0.327, 0.235, 7, 0.305, 0.481, 0.379, 0.357, 0.372]"
94218,"[3, 0.886, 0.424, 0.34, 0.335, 0.3, 6, 0.881, 0.413, 0.584, 0.331, 0.229, 8, 0.797, 0.251, 0.432, 0.155, 0.171, 9, 0.615, 0.375, 0.894, 0.278, 0.095]"
94547,"[9, 0.925, 0.483, 0.921, 0.288, 0.114, 7, 0.792, 0.514, 0.399, 0.31, 0.342]"
94570,"[8, 0.851, 0.31, 0.639, 0.184, 0.298, 7, 0.809, 0.516, 0.434, 0.406, 0.414, 9, 0.474, 0.506, 0.936, 0.143, 0.116, 9, 0.326, 0.504, 0.952, 0.138, 0.073]"
9527,"[7, 0.632, 0.476, 0.448, 0.324, 0.351, 9, 0.35, 0.497, 0.943, 0.108, 0.032]"
96275,"[2, 0.929, 0.493, 0.389, 0.445, 0.351, 8, 0.897, 0.341, 0.531, 0.153, 0.349, 6, 0.796, 0.496, 0.553, 0.266, 0.213, 3, 0.774, 0.478, 0.386, 0.163, 0.171, 9, 0.616, 0.455, 0.944, 0.137, 0.058]"
96397,"[9, 0.87, 0.43, 0.93, 0.244, 0.108, 7, 0.802, 0.502, 0.416, 0.476, 0.438]"
97343,"[7, 0.89, 0.522, 0.454, 0.457, 0.397, 9, 0.848, 0.515, 0.897, 0.197, 0.167]"
97591,"[6, 0.833, 0.428, 0.454, 0.443, 0.23, 3, 0.661, 0.52, 0.267, 0.413, 0.183, 9, 0.649, 0.456, 0.899, 0.129, 0.146, 9, 0.391, 0.453, 0.941, 0.123, 0.061]"
97943,"[4, 0.917, 0.547, 0.613, 0.283, 0.409, 9, 0.773, 0.524, 0.868, 0.182, 0.12, 8, 0.768, 0.376, 0.642, 0.169, 0.211, 3, 0.617, 0.552, 0.304, 0.316, 0.253]"
98965,"[3, 0.901, 0.499, 0.414, 0.126, 0.21, 8, 0.89, 0.637, 0.537, 0.126, 0.114, 2, 0.888, 0.491, 0.402, 0.345, 0.278, 9, 0.874, 0.495, 0.895, 0.13, 0.116, 5, 0.626, 0.476, 0.556, 0.228, 0.101, 1, 0.316, 0.482, 0.198, 0.645, 0.363]"
98986,"[2, 0.914, 0.389, 0.358, 0.44, 0.441, 7, 0.781, 0.372, 0.409, 0.408, 0.413, 9, 0.68, 0.401, 0.942, 0.615, 0.117, 9, 0.347, 0.492, 0.939, 0.434, 0.122]"
99503,"[8, 0.894, 0.347, 0.764, 0.199, 0.42, 4, 0.876, 0.48, 0.705, 0.289, 0.39, 3, 0.816, 0.483, 0.374, 0.372, 0.326, 8, 0.655, 0.487, 0.487, 0.261, 0.109, 9, 0.326, 0.477, 0.953, 0.123, 0.046]"
99557,"[9, 0.911, 0.49, 0.893, 0.177, 0.138, 2, 0.91, 0.461, 0.357, 0.37, 0.365, 6, 0.869, 0.462, 0.478, 0.334, 0.22, 3, 0.735, 0.473, 0.286, 0.08, 0.169]"
